Circle Name,Region Name,Division Name,Office Name,Pincode,OfficeType,Delivery,District,StateName
Andhra Pradesh Circle,Kurnool Region,Anantapur Division,A Narayanapuram B.O,515004,BO,Delivery,ANANTHAPUR,Andhra Pradesh
Andhra Pradesh Circle,Kurnool Region,Chittoor Division,Adavibudugur B.O,517425,BO,Delivery,Chittoor,Andhra Pradesh
Andhra Pradesh Circle,Kurnool Region,Chittoor Division,Angallu B.O,517326,BO,Delivery,Madanapalle,Andhra Pradesh
Andhra Pradesh Circle,Kurnool Region,Cuddapah Division,Abbavaram B.O,516270,BO,Delivery,KADAPA,Andhra Pradesh
Andhra Pradesh Circle,Kurnool Region,Hindupur Division,BIT College BO,515202,BO,Delivery,Hindupur,Andhra Pradesh
Andhra Pradesh Circle,Kurnool Region,Hindupur Division,Mundy Bazaar B.O,515591,BO,Delivery,Dharmavaram,Andhra Pradesh
Andhra Pradesh Circle,Kurnool Region,Hindupur Division,Thumukunta Industrial Estate B.O,515211,BO,Delivery,ANANTAPUR,Andhra Pradesh
Andhra Pradesh Circle,Kurnool Region,Kurnool Division,A.Gokulapadu B.O,518467,BO,Delivery,Kurnool,Andhra Pradesh
Andhra Pradesh Circle,Kurnool Region,Nandyal Division,Akaveedu B.O,523372,BO,Delivery,PRAKASAM,Andhra Pradesh
Andhra Pradesh Circle,Vijayawada Region,Bhimavaram Division,A.Vemavaram B.O,534267,BO,Delivery,West Godavari,Andhra Pradesh
Andhra Pradesh Circle,Vijayawada Region,Bhimavaram Division,Kaza B.O,534268,BO,Delivery,Palakol,Andhra Pradesh
Andhra Pradesh Circle,Vijayawada Region,Eluru Division,G.Pangidigudem B.O,534455,BO,Delivery,VIZIANAGARAM,Andhra Pradesh
Andhra Pradesh Circle,Vijayawada Region,Gudivada Division,Achavaram B.O,521333,BO,Delivery,KRISHNA,Andhra Pradesh
Andhra Pradesh Circle,Vijayawada Region,Gudur Division,Adurupalli B.O,524342,BO,Delivery,NELLORE,Andhra Pradesh
Andhra Pradesh Circle,Vijayawada Region,Guntur Division,A.P.High Court S.O,522237,SO,Non Delivery,Guntur,Andhra Pradesh
Andhra Pradesh Circle,Vijayawada Region,Machilipatnam Division,Chinnapuram B.O,521003,BO,Delivery,Machilipatnam,Andhra Pradesh
Andhra Pradesh Circle,Vijayawada Region,Machilipatnam Division,Salempalem B.O,521328,BO,Delivery,Avanigadda,Andhra Pradesh
Andhra Pradesh Circle,Vijayawada Region,Tadepalligudem Division,Adavikolanu B.O,534198,BO,Delivery,Warangal,Andhra Pradesh
Andhra Pradesh Circle,Vijayawada Region,Tadepalligudem Division,Arikirevula B.O,534340,BO,Delivery,Kovvur,Andhra Pradesh
Andhra Pradesh Circle,Vijayawada Region,Tadepalligudem Division,Kadakatla B.O,534102,BO,Non Delivery,Tadepalligudem,Andhra Pradesh
Andhra Pradesh Circle,Vijayawada Region,Tadepalligudem Division,Kondamodalu B.O,534315,BO,Delivery,East Godavari,Andhra Pradesh
Andhra Pradesh Circle,Vijayawada Region,Tenali Division,A F Station B.O,522102,BO,Delivery,Bapatla,Andhra Pradesh
Andhra Pradesh Circle,Vijayawada Region,Tenali Division,Chintalapudi B.O,522124,BO,Delivery,Karim Nagar,Andhra Pradesh
Andhra Pradesh Circle,Visakhapatnam Region,Amalapuram Division,Gangalakurru Agraharam B.O,533221,BO,Delivery,AMLAPURAM,Andhra Pradesh
Andhra Pradesh Circle,Visakhapatnam Region,Anakapalle Division,A Koduru S.O,531022,SO,Delivery,VISAKHAPATNAM,Andhra Pradesh
Andhra Pradesh Circle,Visakhapatnam Region,Kakinada Division,Yanam S.O,533464,SO,Delivery,YANAM,Andhra Pradesh
Andhra Pradesh Circle,Visakhapatnam Region,Parvathipuram Division,Adavaram B.O,532440,BO,Delivery,SRIKAKULAM,Andhra Pradesh
Andhra Pradesh Circle,Visakhapatnam Region,Rajahmundry Division,Chintalagudem B.O,533352,BO,Non Delivery,Bhadrachalam,Andhra Pradesh
Andhra Pradesh Circle,Visakhapatnam Region,Rajahmundry Division,Chodavaram B.O,533352,BO,Non Delivery,Srikalahasti,Andhra Pradesh
Andhra Pradesh Circle,Visakhapatnam Region,Rajahmundry Division,Gundala B.O,533352,BO,Non Delivery,Bhongir,Andhra Pradesh
Assam Circle,NA,Cachar Division,Adarkona B.O,788701,BO,Delivery,KARIMGANJ,Assam
Assam Circle,NA,Cachar Division,Alexanderpur B.O,788161,BO,Delivery,HAILAKANDI,Assam
Assam Circle,NA,Cachar Division,Algapur B.O,788101,BO,Delivery,CACHAR,Assam
Assam Circle,NA,Cachar Division,Assam Quary B.O,788931,BO,Delivery,DIMA HASSO - NORTH CACHAR HILL,Assam
Assam Circle,NA,Cachar Division,Sadarashi B.O,788709,BO,Delivery,KARBI ANGLONG,Assam
Assam Circle,NA,Darrang Division,Ajodhyapur B.O,784524,BO,Delivery,UDALGURI,Assam
Assam Circle,NA,Darrang Division,Alisinga S.O,784112,SO,Delivery,SONITPUR,Assam
Assam Circle,NA,Darrang Division,Aminpara B.O,784514,BO,Delivery,DARRANG,Assam
Assam Circle,NA,Goalpara Division,A.P.Mill S.O,783388,SO,Delivery,BONGAIGAON,Assam
Assam Circle,NA,Goalpara Division,Aflagaon B.O,783346,BO,Delivery,KOKRAJHAR,Assam
Assam Circle,NA,Goalpara Division,Agia S.O,783120,SO,Delivery,GOALPARA,Assam
Assam Circle,NA,Goalpara Division,Agomoni S.O,783335,SO,Delivery,DHUBRI,Assam
Assam Circle,NA,Guwahati Division,Agchia B.O,781128,BO,Delivery,KAMRUP,Assam
Assam Circle,NA,Guwahati Division,Ambari Fatasil S.O,781025,SO,Delivery,KAMRUP METROPOLITAN,Assam
Assam Circle,NA,Guwahati Division,Bangalipara B.O,781364,BO,Delivery,BAKSA,Assam
Assam Circle,NA,Nalbari Division,Adabari B.O,781126,BO,Delivery,NALBARI,Assam
Assam Circle,NA,Nalbari Division,Akaya B.O,781329,BO,Delivery,BARPETA,Assam
Assam Circle,Dibrugarh Region,Dibrugarh Division,2 No Bokanala B.O,787032,BO,Delivery,LAKHIMPUR,Assam
Assam Circle,Dibrugarh Region,Dibrugarh Division,Adarsha Deurigaon B.O,785676,BO,Delivery,DIBRUGARH,Assam
Assam Circle,Dibrugarh Region,Dibrugarh Division,Akajan Bormuria B.O,787059,BO,Delivery,DHEMAJI,Assam
Assam Circle,Dibrugarh Region,Dibrugarh Division,Sonapur B.O,784160,BO,Delivery,Sonapur,Assam
Assam Circle,Dibrugarh Region,Nagaon Division,Ahatguri B.O,782412,BO,Delivery,MARIGAON,Assam
Assam Circle,Dibrugarh Region,Nagaon Division,Aibheti B.O,782002,BO,Delivery,NAGAON,Assam
Assam Circle,Dibrugarh Region,Nagaon Division,Silchung B.O,782412,BO,Delivery,SIBSAGAR,Assam
Assam Circle,Dibrugarh Region,Sibsagar Division,Adharsatra B.O,785702,BO,Delivery,GOLAGHAT,Assam
Assam Circle,Dibrugarh Region,Sibsagar Division,Alengmora B.O,785108,BO,Delivery,JORHAT,Assam
Assam Circle,Dibrugarh Region,Tinsukia Division,3 No Borbil B.O,786171,BO,Delivery,TINSUKIA,Assam
Bihar Circle,NA,AurangabadBihar Division,Adai BO,824207,BO,Delivery,GAYA,Bihar
Bihar Circle,NA,AurangabadBihar Division,Adarchak BO,824221,BO,Delivery,AURANGABAD,Bihar
Bihar Circle,NA,AurangabadBihar Division,Belsar BO,824127,BO,Delivery,ARWAL,Bihar
Bihar Circle,NA,AurangabadBihar Division,RAMPUR B.O,824301,BO,Delivery,AURANAGABAD,Bihar
Bihar Circle,NA,Bhojpur Division,Agiaon Bazar SO,802202,SO,Delivery,BHOJPUR,Bihar
Bihar Circle,NA,Bhojpur Division,Ahirauli BO,802116,BO,Delivery,BUXAR,Bihar
Bihar Circle,NA,Gaya Division,Bajitpur BO,804426,BO,Delivery,JEHANABAD,Bihar
Bihar Circle,NA,Gaya Division,Jagpura BO,804424,BO,Delivery,KAIMUR BHABUA,Bihar
Bihar Circle,NA,Patna Division,Achua BO,801110,BO,Delivery,PATNA,Bihar
Bihar Circle,NA,Patna Division,Alampur Gonpura BO,801505,BO,Delivery,JAMUI,Bihar
Bihar Circle,NA,Patna Division,D KALAPUR BO,801111,BO,Delivery,EAST CHAMPARAN,Bihar
Bihar Circle,NA,Patna Division,M KACHUARA BO,800030,BO,Delivery,PURNIA,Bihar
Bihar Circle,NA,Rohtas Division,A Kala BO,802226,BO,Delivery,ROHTAS,Bihar
Bihar Circle,NA,Vaishali Division,Ababakarpur  Kowahi BO,843114,BO,Delivery,VAISHALI,Bihar
Bihar Circle,NA,Vaishali Division,Dhamaun BO,844506,BO,Delivery,SAMASTIPUR,Bihar
Bihar Circle,"East Region, Bhagalpur",Begusarai Division,Agapur BO,851128,BO,Delivery,BEGUSARAI,Bihar
Bihar Circle,"East Region, Bhagalpur",Begusarai Division,Agauni BO,851216,BO,Delivery,KHAGARIA,Bihar
Bihar Circle,"East Region, Bhagalpur",Begusarai Division,Chorhli BO,852161,BO,Delivery,KATIHAR,Bihar
Bihar Circle,"East Region, Bhagalpur",Bhagalpur Division,Abhiya bazarBO,853204,BO,Delivery,BHAGALPUR,Bihar
Bihar Circle,"East Region, Bhagalpur",Bhagalpur Division,Abhiyudayasharan BO,813101,BO,Delivery,BANKA,Bihar
Bihar Circle,"East Region, Bhagalpur",Bhagalpur Division,Chandan SO,814131,SO,Delivery,DEOGHAR,Bihar
Bihar Circle,"East Region, Bhagalpur",Divisional Office Katihar,ALTAHAT BO,855107,BO,Delivery,KISHANGANJ,Bihar
Bihar Circle,"East Region, Bhagalpur",Munger Division,Abhaypur BO,811112,BO,Delivery,LAKHISARAI,Bihar
Bihar Circle,"East Region, Bhagalpur",Munger Division,Agrahan BO,811211,BO,Delivery,MUNGER,Bihar
Bihar Circle,"East Region, Bhagalpur",Munger Division,Belchhi BO,811315,BO,Delivery,SHEIKHPURA,Bihar
Bihar Circle,"East Region, Bhagalpur",Nalanda Division,Aatma BO,801303,BO,Delivery,NALANDA,Bihar
Bihar Circle,"East Region, Bhagalpur",Nawadha Division,Adampur BO,803109,BO,Delivery,NAWADA,Bihar
Bihar Circle,"East Region, Bhagalpur",Nawadha Division,Pharpar BO,811105,BO,Delivery,SHEOHAR,Bihar
Bihar Circle,"East Region, Bhagalpur",Saharsa Division,Abhirampur BO,852213,BO,Delivery,MADHEPURA,Bihar
Bihar Circle,"East Region, Bhagalpur",Saharsa Division,Abhuar BO,852138,BO,Delivery,SUPAUL,Bihar
Bihar Circle,"East Region, Bhagalpur",Saharsa Division,Aina BO,852216,BO,Delivery,SAHARSA,Bihar
Bihar Circle,Muzaffarpur Region,Darbhanga Division,ABabhangama BO,847121,BO,Delivery,DARBHANGA,Bihar
Bihar Circle,Muzaffarpur Region,Darbhanga Division,Balour BO,847107,BO,Delivery,MUZAFFARPUR,Bihar
Bihar Circle,Muzaffarpur Region,Darbhanga Division,Chakauti BO,847307,BO,Delivery,SITAMARHI,Bihar
Bihar Circle,Muzaffarpur Region,Darbhanga Division,Hiropatti BO,847304,BO,Delivery,MADHUBANI,Bihar
Bihar Circle,Muzaffarpur Region,East Champaran Division,Olaha Madubani BO,845417,BO,Delivery,NA,Bihar
Bihar Circle,Muzaffarpur Region,Muzaffarpur Division,Bara Daud BO,843112,BO,Delivery,WEST CHAMPARAN,Bihar
Bihar Circle,Muzaffarpur Region,Purnea Division,Achra BO,854336,BO,Delivery,ARARIA,Bihar
Bihar Circle,Muzaffarpur Region,Saran Division,Aami BO,841207,BO,Delivery,SARAN,Bihar
Bihar Circle,Muzaffarpur Region,Siwan Division,Achhaibar Pipra BO,841405,BO,Delivery,GOPALGANJ,Bihar
Bihar Circle,Muzaffarpur Region,Siwan Division,Admapur BO,841504,BO,Delivery,SIWAN,Bihar
Chattisgarh Circle,NA,Bilaspur Division,Achanakmar BO,495113,BO,Delivery,BILASPURCGH,Chattisgarh
Chattisgarh Circle,NA,Bilaspur Division,Adbhar SO,495695,SO,Delivery,JANJGIRCHAMPA,Chattisgarh
Chattisgarh Circle,NA,Bilaspur Division,Ajgarbahar BO,495684,BO,Delivery,KORBA,Chattisgarh
Chattisgarh Circle,NA,Bilaspur Division,Akhrar BO,495115,BO,Delivery,MUNGELI,Chattisgarh
Chattisgarh Circle,NA,Bilaspur Division,VIDYUT NAGAR LACHHANPUR S.O.,495669,SO,Delivery,Janjgir-Champa,Chattisgarh
Chattisgarh Circle,NA,Durg Division,A O Bhilai SO,490001,SO,Non Delivery,DURG,Chattisgarh
Chattisgarh Circle,NA,Durg Division,Aaliwara BO,491445,BO,Delivery,RAJNANDGAON,Chattisgarh
Chattisgarh Circle,NA,Durg Division,Achaud BO,491223,BO,Delivery,BALOD,Chattisgarh
Chattisgarh Circle,NA,Durg Division,Anandgaon BO,491332,BO,Delivery,BEMETARA,Chattisgarh
Chattisgarh Circle,NA,Durg Division,Bagharra BO,491559,BO,Delivery,KAWARDHA,Chattisgarh
Chattisgarh Circle,NA,Durg Division,Khursipar Bhilai SO,490011,SO,Delivery,RAIGARH,Chattisgarh
Chattisgarh Circle,NA,Raigarh Division,Ajabnagar BO,497001,BO,Delivery,SURGUJA,Chattisgarh
Chattisgarh Circle,NA,Raigarh Division,Ankira BO,496245,BO,Delivery,JASPUR,Chattisgarh
Chattisgarh Circle,NA,Raigarh Division,Annapara BO,497220,BO,Delivery,BALRAMPUR,Chattisgarh
Chattisgarh Circle,NA,Raigarh Division,Badsara BO,497331,BO,Delivery,KORIYA,Chattisgarh
Chattisgarh Circle,NA,Raigarh Division,Baijnathpur BO,497231,BO,Delivery,SURAJPUR,Chattisgarh
Chattisgarh Circle,NA,Raipur Division,Abhanpur SO,493661,SO,Delivery,GARIABAND,Chattisgarh
Chattisgarh Circle,NA,Raipur Division,Achanakpur BO,493445,BO,Delivery,MAHASAMUND,Chattisgarh
Chattisgarh Circle,NA,Raipur Division,Achhota BO,493773,BO,Delivery,DHAMTARI,Chattisgarh
Chattisgarh Circle,NA,Raipur Division,Adsena BO,493225,BO,Delivery,RAIPUR,Chattisgarh
Chattisgarh Circle,NA,Raipur Division,Ahilda BO,493526,BO,Delivery,BALOD BAZER,Chattisgarh
Chattisgarh Circle,Raipur Region,Bastar Division,Abhanpur B.O,494335,BO,Delivery,Kanker,Chattisgarh
Chattisgarh Circle,Raipur Region,Bastar Division,Adawal B.O,494001,BO,Delivery,Jagdalpur,Chattisgarh
Chattisgarh Circle,Raipur Region,Bastar Division,Adenga B.O,494331,BO,Delivery,Bastar,Chattisgarh
Chattisgarh Circle,Raipur Region,Bastar Division,Aranpur B.O,494556,BO,Delivery,Dantewada,Chattisgarh
Chattisgarh Circle,Raipur Region,Bastar Division,Atukpalli B.O,494446,BO,Delivery,Bijapur(CGH),Chattisgarh
Chattisgarh Circle,Raipur Region,Bastar Division,Badekakler B.O,494450,BO,Delivery,Bilaspur,Chattisgarh
Chattisgarh Circle,Raipur Region,Bastar Division,Bakulbahi B.O,494661,BO,Delivery,Narayanpur,Chattisgarh
Chattisgarh Circle,Raipur Region,Bastar Division,Burklanka B.O,494114,BO,Delivery,SUKMA,Chattisgarh
Chattisgarh Circle,Raipur Region,Bastar Division,Makdi SO,494237,SO,Delivery,Makdi,Chattisgarh
Chattisgarh Circle,Raipur Region,Bastar Division,Masora B.O,494226,BO,Delivery,KONDAGAON,Chattisgarh
Delhi Circle,NA,Delhi East Division,Anand Vihar SO,110092,SO,Non Delivery,EAST DELHI,Delhi
Delhi Circle,NA,Delhi East Division,Azad Nagar SO East Delhi,110051,SO,Non Delivery,SHAHDARA,Delhi
Delhi Circle,NA,Delhi East Division,Badarpur Khadar BO,110090,BO,Non Delivery,NORTH EAST DELHI,Delhi
Delhi Circle,NA,Delhi East Division,Shakarpur SO,110092,SO,Non Delivery,NEW DELHI,Delhi
Delhi Circle,NA,Delhi GPO Division,Delhi GPO,110006,HO,Delivery,NORTH DELHI,Delhi
Delhi Circle,NA,Delhi North Division,Adrash Nagar SO,110033,SO,Non Delivery,NORTH WEST DELHI,Delhi
Delhi Circle,NA,New Delhi Central Division,AGCR EXTENSION COUNTER,110002,SO,Non Delivery,CENTRAL DELHI,Delhi
Delhi Circle,NA,New Delhi Central Division,Pandara Road SO,110003,SO,Non Delivery,SOUTH DELHI,Delhi
Delhi Circle,NA,New Delhi South West Division,505 A B Workshop SO,110010,SO,Non Delivery,SOUTH WEST DELHI,Delhi
Delhi Circle,NA,New Delhi West Division,Arjun Park PO,110043,SO,Non Delivery,WEST DELHI,Delhi
Gujarat Circle,Ahmedabad HQ Region,Ahmedabad City Division,Ambli BO,380058,BO,Delivery,AHMEDABAD,Gujarat
Gujarat Circle,Ahmedabad HQ Region,Ahmedabad City Division,Chamla BO,382433,BO,Delivery,GANDHI NAGAR,Gujarat
Gujarat Circle,Ahmedabad HQ Region,Ahmedabad City Division,DELIVERY HUB AHMEDABAD,380003,SO,Delivery,Ahmedabad City,Gujarat
Gujarat Circle,Ahmedabad HQ Region,Banaskantha Division,Aganwada BO,385555,BO,Delivery,BANASKANTHA,Gujarat
Gujarat Circle,Ahmedabad HQ Region,Banaskantha Division,Dhuva BO,385540,BO,Delivery,BHARUCH,Gujarat
Gujarat Circle,Ahmedabad HQ Region,Gandhinagar Division,Alampur BO,382245,BO,Delivery,BOTAB,Gujarat
Gujarat Circle,Ahmedabad HQ Region,Gandhinagar Division,Charol BO,382120,BO,Delivery,MAHESANA,Gujarat
Gujarat Circle,Ahmedabad HQ Region,Gandhinagar Division,Santej SO,382722,SO,Delivery,Gandhinagar,Gujarat
Gujarat Circle,Ahmedabad HQ Region,Patan Division,Abiyana BO,385360,BO,Delivery,PATAN,Gujarat
Gujarat Circle,Ahmedabad HQ Region,Sabarkantha Division,Abhapur BO,383460,BO,Delivery,SABARKANTHA,Gujarat
Gujarat Circle,Ahmedabad HQ Region,Sabarkantha Division,Ada Hathrol BO,383240,BO,Delivery,ARAVALLI,Gujarat
Gujarat Circle,Rajkot Region,Amreli Division,Abhrampara BO,364522,BO,Delivery,AMRELI,Gujarat
Gujarat Circle,Rajkot Region,Amreli Division,UTCL Kovaya SO,365541,SO,Delivery,ANAND,Gujarat
Gujarat Circle,Rajkot Region,Bhavnagar Division,Adhewada BO,364002,BO,Delivery,BHAVNAGAR,Gujarat
Gujarat Circle,Rajkot Region,Gondal Division,Ajmer BO,360055,BO,Delivery,RAJKOT,Gujarat
Gujarat Circle,Rajkot Region,Jamnagar Division,Aerodromme SO,361003,SO,Delivery,JAMNAGAR,Gujarat
Gujarat Circle,Rajkot Region,Jamnagar Division,Ambardi BO,360515,BO,Delivery,DEVBHOOMI DWERKA,Gujarat
Gujarat Circle,Rajkot Region,Jamnagar Division,Amran SO,363655,SO,Delivery,MORBI,Gujarat
Gujarat Circle,Rajkot Region,Junagadh Division,Aalidar BO,362720,BO,Delivery,GIR SOMNATH,Gujarat
Gujarat Circle,Rajkot Region,Junagadh Division,Achhidra BO,362255,BO,Delivery,JUNAGADH,Gujarat
Gujarat Circle,Rajkot Region,Junagadh Division,Bucharvada BO,362570,BO,Delivery,DIU,Daman and Diu
Gujarat Circle,Rajkot Region,Kutch Division,Adani Port BO,370421,BO,Delivery,KACHCHH,Gujarat
Gujarat Circle,Rajkot Region,Porbandar Division,Adityana SO,360545,SO,Delivery,PORBANDAR,Gujarat
Gujarat Circle,Rajkot Region,Surendranagar Division,Adalsar BO,363775,BO,Delivery,SURENDRA NAGAR,Gujarat
Gujarat Circle,Vadodara Region,Anand Division,Agarwa BO,388230,BO,Delivery,KHEDA,Gujarat
Gujarat Circle,Vadodara Region,Anand Division,Alela BO,388265,BO,Delivery,MAHISAGAR,Gujarat
Gujarat Circle,Vadodara Region,Bardoli Division,Abrama BO,394150,BO,Delivery,SURAT,Gujarat
Gujarat Circle,Vadodara Region,Bardoli Division,Agasvan BO,394651,BO,Delivery,TAPI,Gujarat
Gujarat Circle,Vadodara Region,Bardoli Division,Ahwadangs SO,394710,SO,Delivery,DANGS,Gujarat
Gujarat Circle,Vadodara Region,Bharuch Division,Akteshwar BO,393151,BO,Delivery,NARMADA,Gujarat
Gujarat Circle,Vadodara Region,Navsari Division,Aat SO,396403,SO,Delivery,NAVSARI,Gujarat
Gujarat Circle,Vadodara Region,Panchmahals Division,Aasayadi BO,389130,BO,Delivery,DAHOD,Gujarat
Gujarat Circle,Vadodara Region,Panchmahals Division,Adadra SO,389341,SO,Delivery,PANCH MAHALS,Gujarat
Gujarat Circle,Vadodara Region,Vadodara East Division,Achisara BO,391250,BO,Delivery,VADODARA,Gujarat
Gujarat Circle,Vadodara Region,Vadodara East Division,AMBADUNGAR BO,391170,BO,Delivery,Chhotaudepur,Gujarat
Gujarat Circle,Vadodara Region,Vadodara East Division,Gunata BO,391165,BO,Delivery,CHHOTA UDEPUR,Gujarat
Gujarat Circle,Vadodara Region,Valsad Division,Achhari BO,396105,BO,Delivery,VALSAD,Gujarat
Gujarat Circle,Vadodara Region,Valsad Division,Amboli BO,396230,BO,Delivery,DADRA  NAGAR HAVELI,Dadra and Nagar Hav.
Gujarat Circle,Vadodara Region,Valsad Division,Bhimpore BO,396210,BO,Delivery,DAMAN,Daman and Diu
Haryana Circle,NA,Ambala Division,Adhoya S.O,133205,SO,Delivery,AMBALA,Haryana
Haryana Circle,NA,Ambala Division,Alhar B.O,135133,BO,Delivery,YAMUNANAGAR,Haryana
Haryana Circle,NA,Ambala Division,Amravati  Enclave SO,134105,SO,Delivery,PANCHKULA,Haryana
Haryana Circle,NA,Ambala Division,Dhulkot B.O,134007,BO,Delivery,Ambala City,Haryana
Haryana Circle,NA,Bhiwani Division,Achina SO,127307,SO,Delivery,BHIWANI,Haryana
Haryana Circle,NA,Faridabad Division,Aharwan BO,121102,BO,Delivery,FARIDABAD,Haryana
Haryana Circle,NA,Faridabad Division,Alawalpur BO,121102,BO,Delivery,PALWAL,Haryana
Haryana Circle,NA,Gurgaon Division,Agon BO,122104,BO,Delivery,MEWAT,Haryana
Haryana Circle,NA,Gurgaon Division,Ahrod BO,123102,BO,Delivery,REWARI,Haryana
Haryana Circle,NA,Gurgaon Division,Air Force SO,122005,SO,Delivery,GURGAON,Haryana
Haryana Circle,NA,Gurgaon Division,Akbarpur BO,123023,BO,Delivery,MAHENDRAGARH,Haryana
Haryana Circle,NA,Gurgaon Division,Inchhapuri BO,122414,BO,Delivery,FATEHABAD,Haryana
Haryana Circle,NA,Hissar Division,Abubshahar BO,125104,BO,Delivery,SIRSA,Haryana
Haryana Circle,NA,Hissar Division,Agroha SO,125047,SO,Delivery,HISAR,Haryana
Haryana Circle,NA,Karnal Division,A.K.G.V.Mormajra B.O,132046,BO,Delivery,KARNAL,Haryana
Haryana Circle,NA,Karnal Division,Adyana B.O,132113,BO,Delivery,PANIPAT,Haryana
Haryana Circle,NA,Karnal Division,Ahirka B.O,126102,BO,Delivery,JIND,Haryana
Haryana Circle,NA,Kurukshetra Division,Agondh B.O,136035,BO,Delivery,KURUKSHETRA,Haryana
Haryana Circle,NA,Kurukshetra Division,Ahun B.O,136021,BO,Delivery,KAITHAL,Haryana
Haryana Circle,NA,Rohtak Division,Achhej BO,124106,BO,Delivery,JHAJJAR,Haryana
Haryana Circle,NA,Rohtak Division,Ahri BO,124108,BO,Delivery,ROHTAK,Haryana
Haryana Circle,NA,Sonepat Division,AhulanaGannur BO,131101,BO,Delivery,SONIPAT,Haryana
Himachal Pradesh Circle,NA,Chamba Division,Ail BO,176316,BO,Delivery,CHAMBA,Himachal Pradesh
Himachal Pradesh Circle,NA,Dehra Gopipur Division,Adhwani BO,176036,BO,Delivery,KANGRA,Himachal Pradesh
Himachal Pradesh Circle,NA,Dehra Gopipur Division,Chandrot BO,176037,BO,Delivery,HAMIRPURHP,Himachal Pradesh
Himachal Pradesh Circle,NA,Hamirpur Division,Amarpur BO,174021,BO,Delivery,BILASPUR HP,Himachal Pradesh
Himachal Pradesh Circle,NA,Hamirpur Division,NERI BO,177001,BO,Delivery,HAMIRPUR(HP),Himachal Pradesh
Himachal Pradesh Circle,NA,Hamirpur Division,Pater BO,174026,BO,Delivery,BILASPUR (HP),Himachal Pradesh
Himachal Pradesh Circle,NA,Mandi Division,Ahju BO,175032,BO,Delivery,MANDI,Himachal Pradesh
Himachal Pradesh Circle,NA,Mandi Division,Akhara Bazar SO,175101,SO,Non Delivery,KULLU,Himachal Pradesh
Himachal Pradesh Circle,NA,Mandi Division,Chimrat BO,175142,BO,Delivery,LAHUL  SPITI,Himachal Pradesh
Himachal Pradesh Circle,NA,Rampur Bushahr Division,Akpa BO,172116,BO,Delivery,KINNAUR,Himachal Pradesh
Himachal Pradesh Circle,NA,Rampur Bushahr Division,Bahli BO,172022,BO,Delivery,SHIMLA,Himachal Pradesh
Himachal Pradesh Circle,NA,Solan Division,Andheri BO,173023,BO,Delivery,SIRMAUR,Himachal Pradesh
Himachal Pradesh Circle,NA,Solan Division,Anji Brahamna BO,173234,BO,Delivery,SOLAN,Himachal Pradesh
Himachal Pradesh Circle,NA,Una Division,Ajauli BO,174301,BO,Delivery,UNA,Himachal Pradesh
Jammukashmir Circle,NA,Baramulla Division,Achoora B.O,193503,BO,Delivery,Bandipur,Jammu and Kashmir
Jammukashmir Circle,NA,Baramulla Division,Aloosa B.O,193224,BO,Delivery,Kupwara,Jammu and Kashmir
Jammukashmir Circle,NA,Baramulla Division,Aloosa S.O,193505,SO,Delivery,BARAMULLA,Jammu and Kashmir
Jammukashmir Circle,NA,Baramulla Division,TREHGAM S.O,193224,SO,Delivery,KULGAM,Jammu and Kashmir
Jammukashmir Circle,NA,Jammu Division,Abtal BO,181141,BO,Delivery,SAMBA,Jammu and Kashmir
Jammukashmir Circle,NA,Jammu Division,Adlehar BO,181131,BO,Delivery,JAMMU,Jammu and Kashmir
Jammukashmir Circle,NA,Jammu Division,Amla BO,184144,BO,Delivery,KATHUA,Jammu and Kashmir
Jammukashmir Circle,NA,Jammu Division,Maira BO,181202,BO,Delivery,POONCH,Jammu and Kashmir
Jammukashmir Circle,NA,Jammu Division,Tahra BO,181224,BO,Delivery,KARGIL,Jammu and Kashmir
Jammukashmir Circle,NA,Rajouri Division,Agrati BO,185151,BO,Delivery,RAJAURI,Jammu and Kashmir
Jammukashmir Circle,NA,Rajouri Division,Shahpur BO,185101,BO,Delivery,PULWAMA,Jammu and Kashmir
Jammukashmir Circle,NA,Srinagar Division,Abhama BO,191112,BO,Delivery,BUDGAM,Jammu and Kashmir
Jammukashmir Circle,NA,Srinagar Division,Abi Karlpora BO,190003,BO,Non Delivery,SRINAGAR,Jammu and Kashmir
Jammukashmir Circle,NA,Srinagar Division,Achabal SO,192201,SO,Delivery,ANANTHNAG,Jammu and Kashmir
Jammukashmir Circle,NA,Srinagar Division,Akhal BO,191202,BO,Delivery,GANDERBAL,Jammu and Kashmir
Jammukashmir Circle,NA,Srinagar Division,Dalseer BO,192401,BO,Delivery,SHOPIAN,Jammu and Kashmir
Jammukashmir Circle,NA,Udhampur Division,Adhkawari BO,182301,BO,Delivery,REASI,Jammu and Kashmir
Jammukashmir Circle,NA,Udhampur Division,Aftee BO,182205,BO,Delivery,DODA,Jammu and Kashmir
Jammukashmir Circle,NA,Udhampur Division,Alambas BO,182145,BO,Delivery,RAMBAN,Jammu and Kashmir
Jammukashmir Circle,NA,Udhampur Division,Amroh BO,182122,BO,Delivery,UDHAMPUR,Jammu and Kashmir
Jammukashmir Circle,Srinagar HQ Region,Leh Division,Alchi B.O,194107,BO,Delivery,Leh,Jammu and Kashmir
Jharkhand Circle,NA,Dhanbad Division,ACC Colony SO,828124,SO,Delivery,DHANBAD,Jharkhand
Jharkhand Circle,NA,Dhanbad Division,Adrakuri BO,827013,BO,Delivery,BOKARO,Jharkhand
Jharkhand Circle,NA,Giridih Division,Achaljamo BO,825322,BO,Delivery,GIRIDH,Jharkhand
Jharkhand Circle,NA,Giridih Division,Kharki BO,829112,BO,Delivery,HAZARIBAG,Jharkhand
Jharkhand Circle,NA,Hazaribagh Division,Amjhar BO,825408,BO,Delivery,CHATRA,Jharkhand
Jharkhand Circle,NA,Hazaribagh Division,Arakanta BO,829134,BO,Delivery,Ramgarh,Jharkhand
Jharkhand Circle,NA,Hazaribagh Division,Arkhango BO,825418,BO,Delivery,KODERMA,Jharkhand
Jharkhand Circle,NA,Hazaribagh Division,Bhandro BO,825323,BO,Delivery,Hazaribagh,Jharkhand
Jharkhand Circle,NA,Hazaribagh Division,Patratu Diesel Colony ND BO,829118,BO,Delivery,PALAMAU,Jharkhand
Jharkhand Circle,NA,Hazaribagh Division,Uchaghana BO,825312,BO,Delivery,GUMLA,Jharkhand
Jharkhand Circle,NA,Palamau Division,Aan BO,829203,BO,Delivery,LATEHAR,Jharkhand
Jharkhand Circle,NA,Palamau Division,Adar BO,822114,BO,Delivery,GARHWA,Jharkhand
Jharkhand Circle,NA,Palamau Division,Alinagar BO,822116,BO,Delivery,PAKUR,Jharkhand
Jharkhand Circle,NA,Palamau Division,Bundu BO,829201,BO,Delivery,RANCHI,Jharkhand
Jharkhand Circle,NA,Ranchi Division,Agharma BO,835211,BO,Delivery,SIMDEGA,Jharkhand
Jharkhand Circle,NA,Ranchi Division,Alaundi B.O,835302,BO,Delivery,Lohardaga,Jharkhand
Jharkhand Circle,NA,Ranchi Division,Angrabari BO,835210,BO,Delivery,KHUNTI,Jharkhand
Jharkhand Circle,NA,Ranchi Division,Tebo BO,835216,BO,Delivery,WEST SINGHBHUM,Jharkhand
Jharkhand Circle,NA,Santhal Parganas Division,Adamdour BO,814160,BO,Delivery,GODDA,Jharkhand
Jharkhand Circle,NA,Santhal Parganas Division,Afzalpur BO,815355,BO,Delivery,JAMTARA,Jharkhand
Jharkhand Circle,NA,Santhal Parganas Division,Aglio BO,816101,BO,Delivery,SAHIBGANJ,Jharkhand
Jharkhand Circle,NA,Santhal Parganas Division,Amarapahari BO,814102,BO,Delivery,DUMKA,Jharkhand
Jharkhand Circle,NA,Singhbhum Division,Adardih BO,832401,BO,Delivery,SERAIKELAKHARSAWAN,Jharkhand
Jharkhand Circle,NA,Singhbhum Division,Agrico SO,831009,SO,Delivery,EAST SINGHBHUM,Jharkhand
Karnataka Circle,NA,BANGALORE GPO DIVISION,Bengaluru G.P.O.,560001,HO,Delivery,BENGALURU,Karnataka
Karnataka Circle,NA,Bengaluru East Division,Agram S.O,560007,SO,Delivery,Bangalore,Karnataka
Karnataka Circle,NA,Bengaluru East Division,Kannamangala S.O,560115,SO,Delivery,BENGALURU RURAL,Karnataka
Karnataka Circle,Bengaluru HQ Region,Channapatna Division,Abbur B.O,562108,BO,Delivery,RAMANAGAR,Karnataka
Karnataka Circle,Bengaluru HQ Region,Channapatna Division,Hosur B.O,562109,BO,Delivery,Ramdurg,Karnataka
Karnataka Circle,Bengaluru HQ Region,Channapatna Division,Jayapura,562159,BO,Delivery,Ramanagara,Karnataka
Karnataka Circle,North Karnataka Region,Bagalkot Division,Achanur B.O,587111,BO,Delivery,BAGALKOT,Karnataka
Karnataka Circle,North Karnataka Region,Ballari Division,Adavihalli B.O,583131,BO,Delivery,BELLARY,Karnataka
Karnataka Circle,North Karnataka Region,Ballari Division,Aladahalli B.O,583127,BO,Delivery,DAVANGERE,Karnataka
Karnataka Circle,North Karnataka Region,Ballari Division,Kolur S.O,583155,SO,Delivery,BALLARI,Karnataka
Karnataka Circle,North Karnataka Region,Belagavi Division,Achmatti B.O,591110,BO,Delivery,BELAGAVI,Karnataka
Karnataka Circle,North Karnataka Region,Bidar Division,Ahmadabad B.O,585444,BO,Delivery,Bidar,Karnataka
Karnataka Circle,North Karnataka Region,Chikodi Division,Sankonhatti B.O,591304,BO,Delivery,Belgaum,Karnataka
Karnataka Circle,North Karnataka Region,Dharwad Division,Adaragunchi B.O,580028,BO,Delivery,Hubballi,Karnataka
Karnataka Circle,North Karnataka Region,Dharwad Division,Agadi B.O,581207,BO,Delivery,Dharwad,Karnataka
Karnataka Circle,North Karnataka Region,Dharwad Division,Baradwad B.O,581195,BO,Delivery,Madikeri,Karnataka
Karnataka Circle,North Karnataka Region,Dharwad Division,Kamadenu B.O,581196,BO,Delivery,Arsikere,Karnataka
Karnataka Circle,North Karnataka Region,Dharwad Division,Majjigudda B.O,582201,BO,Delivery,Kundgol,Karnataka
Karnataka Circle,North Karnataka Region,Dharwad Division,Ugginakeri B.O,581196,BO,Delivery,Kalghatgi,Karnataka
Karnataka Circle,North Karnataka Region,Gadag Division,Abbigeri S.O,582111,SO,Delivery,GADAG,Karnataka
Karnataka Circle,North Karnataka Region,Gadag Division,Adavibhavi B.O,583277,BO,Delivery,KOPPAL,Karnataka
Karnataka Circle,North Karnataka Region,Haveri Division,Adur S.O (Haveri),581101,SO,Delivery,HAVERI,Karnataka
Karnataka Circle,North Karnataka Region,Kalaburagi Division,Adilapur B.O,585223,BO,Delivery,KALABURAGI,Karnataka
Karnataka Circle,North Karnataka Region,Kalaburagi Division,Kembhavi S.O,585216,SO,Delivery,YADGIR,Karnataka
Karnataka Circle,North Karnataka Region,Kalaburagi Division,Rudnoor B.O,585320,BO,Delivery,Gulbarga,Karnataka
Karnataka Circle,North Karnataka Region,Karwar Division,Achve B.O,581344,BO,Delivery,UTTARA KANNADA,Karnataka
Karnataka Circle,North Karnataka Region,Raichur Division,Alabanur B.O,584128,BO,Delivery,RAICHUR,Karnataka
Karnataka Circle,North Karnataka Region,Sirsi Division,Ajjibal B.O,581340,BO,Delivery,Siddapur,Karnataka
Karnataka Circle,North Karnataka Region,Sirsi Division,Akheti B.O,581453,BO,Delivery,Joida,Karnataka
Karnataka Circle,North Karnataka Region,Vijayapura Division,Abbihal B.O,586213,BO,Delivery,BIJAPUR(KAR),Karnataka
Karnataka Circle,North Karnataka Region,Vijayapura Division,Vijayapura Bazar S.O,586101,SO,Non Delivery,BIJAPUR,Karnataka
Karnataka Circle,South Karnataka Region,Chikkamagaluru Division,Addada B.O,577126,BO,Delivery,CHICKMAGALUR,Karnataka
Karnataka Circle,South Karnataka Region,Chikkamagaluru Division,Jamble BO,577124,BO,Delivery,Chikkamagaluru,Karnataka
Karnataka Circle,South Karnataka Region,Chitradurga Division,Abbaiahnahalli B.O,577536,BO,Delivery,CHITRADURGA,Karnataka
Karnataka Circle,South Karnataka Region,Hassan Division,Abbana B.O,573214,BO,Delivery,HASSAN,Karnataka
Karnataka Circle,South Karnataka Region,Kodagu Division,Abburkatte B.O,571236,BO,Delivery,Kodagu,Karnataka
Karnataka Circle,South Karnataka Region,Kodagu Division,Avandur B.O,571201,BO,Delivery,Athani,Karnataka
Karnataka Circle,South Karnataka Region,Kodagu Division,Bettageri B.O,571201,BO,Delivery,Jamkhandi,Karnataka
Karnataka Circle,South Karnataka Region,Kodagu Division,Heravanadu B.O,571201,BO,Delivery,Kollegal,Karnataka
Karnataka Circle,South Karnataka Region,Kolar Division,Ablodu B.O,562105,BO,Delivery,CHIKKABALLAPUR,Karnataka
Karnataka Circle,South Karnataka Region,Kolar Division,Addagal B.O,563161,BO,Delivery,KOLAR,Karnataka
Karnataka Circle,South Karnataka Region,Mandya Division,Abalavadi B.O,571425,BO,Delivery,Mandya,Karnataka
Karnataka Circle,South Karnataka Region,Mangaluru Division,Addoor B.O,574145,BO,Delivery,Dakshina Kannada,Karnataka
Karnataka Circle,South Karnataka Region,Mangaluru Division,Belmannu S.O,576111,SO,Delivery,Udupi,Karnataka
Karnataka Circle,South Karnataka Region,Mysuru Division,Alanahalli B.O,570026,BO,Delivery,Mysuru,Karnataka
Karnataka Circle,South Karnataka Region,Mysuru Division,Doddahejjur B.O,571106,BO,Delivery,Saraswathipuram,Karnataka
Karnataka Circle,South Karnataka Region,Mysuru Division,Hanagodu S.O,571106,SO,Delivery,Hanagodu,Karnataka
Karnataka Circle,South Karnataka Region,Mysuru Division,Mysuru Sorting,570001,SO,Non Delivery,MYSORE,Karnataka
Karnataka Circle,South Karnataka Region,Mysuru Division,Neralakuppe B.O,571106,BO,Delivery,Hunsur,Karnataka
Karnataka Circle,South Karnataka Region,Nanjangud Division,Agara B.O,571442,BO,Delivery,Chamrajnagar,Karnataka
Karnataka Circle,South Karnataka Region,Nanjangud Division,Chikkamallapura B.O,571440,BO,Delivery,Bailhongal,Karnataka
Karnataka Circle,South Karnataka Region,Nanjangud Division,Cowdalli S.O,571320,SO,Delivery,Nanjangud,Karnataka
Karnataka Circle,South Karnataka Region,Nanjangud Division,Kempanapalya B.O,571440,BO,Delivery,Sagar,Karnataka
Karnataka Circle,South Karnataka Region,Nanjangud Division,Vadakhalla BO,571320,BO,Delivery,CHAMARAJANAGAR,Karnataka
Karnataka Circle,South Karnataka Region,Shivamogga Division,Abbalagere B.O,577204,BO,Delivery,SHIVAMOGGA,Karnataka
Karnataka Circle,South Karnataka Region,Tumakuru Division,A.Venkatapura B.O,572129,BO,Delivery,TUMAKURU,Karnataka
Kerala Circle,NA,Pathanamthitta Division,Achencoil BO,689696,BO,Delivery,KOLLAM,Kerala
Kerala Circle,NA,Pathanamthitta Division,Adichipuzha BO,689711,BO,Delivery,PATHANAMTHITTA,Kerala
Kerala Circle,NA,Tiruvalla Division,Ala SO Alappuzha,689126,SO,Delivery,ALAPPUZHA,Kerala
Kerala Circle,NA,Trivandrum North Division,Adayamon BO,695614,BO,Delivery,THIRUVANANTHAPURAM,Kerala
Kerala Circle,Calicut Region,Calicut Division,Achooranam BO,673575,BO,Delivery,WAYANAD,Kerala
Kerala Circle,Calicut Region,Calicut Division,Adivaram Pudupadi BO,673586,BO,Delivery,KOZHIKODE,Kerala
Kerala Circle,Calicut Region,Calicut Division,Azhinjilam BO,673632,BO,Delivery,MALAPPURAM,Kerala
Kerala Circle,Calicut Region,Cannanore Division,Alakode SO,670571,SO,Delivery,KANNUR,Kerala
Kerala Circle,Calicut Region,Cannanore Division,Kadumeni BO,670511,BO,Delivery,KASARGOD,Kerala
Kerala Circle,Calicut Region,Kasaragod Division,PERIYE S.O,671320,SO,Delivery,Kasaragod,Kerala
Kerala Circle,Calicut Region,Ottapalam Division,Adakkaputhur BO,679503,BO,Delivery,PALAKKAD,Kerala
Kerala Circle,Calicut Region,Thalassery Division,Kayani B.O,670702,BO,Delivery,Thalassery,Kerala
Kerala Circle,Calicut Region,Tirur Division,Trikkanapuram South  BO,679582,BO,Delivery,MALAPPURM,Kerala
Kerala Circle,Calicut Region,Vadakara Division,Mahe SO,673310,SO,Delivery,MAHE,Kerala
Kerala Circle,Kochi Region,Alwaye Division,Aimurikara BO,683544,BO,Delivery,ERNAKULAM,Kerala
Kerala Circle,Kochi Region,Changanacherry Division,Alapra BO,686544,BO,Delivery,KOTTAYAM,Kerala
Kerala Circle,Kochi Region,Changanacherry Division,Kuppakkayam BO,686513,BO,Delivery,IDUKKI,Kerala
Kerala Circle,Kochi Region,Irinjalakuda Division,Alagappanagar SO,680302,SO,Delivery,THRISSUR,Kerala
Kerala Circle,Kochi Region,Lakshadweep Division,Agathi S.O,682553,SO,Delivery,Lakshadweep,Lakshadweep
Kerala Circle,Kochi Region,Lakshadweep Division,Bithra B.O,682554,BO,Delivery,Kochi,Lakshadweep
Madhya Pradesh Circle,NA,Balaghat Division,Adegaon S.O,480887,SO,Delivery,SEONI,Madhya Pradesh
Madhya Pradesh Circle,NA,Balaghat Division,Agasi B.O,481445,BO,Delivery,BALAGHAT,Madhya Pradesh
Madhya Pradesh Circle,NA,Bhopal Division,3 EME Centre S.O,462031,SO,Delivery,BHOPAL,Madhya Pradesh
Madhya Pradesh Circle,NA,Bhopal Division,Ashapuri B.O,464993,BO,Delivery,RAISEN,Madhya Pradesh
Madhya Pradesh Circle,NA,Chhatarpur Division,Abhau B.O,471510,BO,Delivery,CHHATARPUR,Madhya Pradesh
Madhya Pradesh Circle,NA,Chhatarpur Division,Acharra B.O,472101,BO,Delivery,TIKAMGARH,Madhya Pradesh
Madhya Pradesh Circle,NA,Chhatarpur Division,Adhrod B.O,488443,BO,Delivery,PANNA,Madhya Pradesh
Madhya Pradesh Circle,NA,Chhindwara Division,Amarwara S.O,480221,SO,Delivery,CHHINDWARA,Madhya Pradesh
Madhya Pradesh Circle,NA,Chhindwara Division,Ambada Amladepot B.O,460553,BO,Delivery,BETUL,Madhya Pradesh
Madhya Pradesh Circle,NA,Hoshangabad Division,Aari B.O,461661,BO,Delivery,HOSHANGABAD,Madhya Pradesh
Madhya Pradesh Circle,NA,Hoshangabad Division,Adampur B.O,461331,BO,Delivery,HARDA,Madhya Pradesh
Madhya Pradesh Circle,NA,Hoshangabad Division,Amada B.O,487881,BO,Delivery,NARSINGHPUR,Madhya Pradesh
Madhya Pradesh Circle,NA,Hoshangabad Division,Bayan B.O,466445,BO,Delivery,SEHORE,Madhya Pradesh
Madhya Pradesh Circle,NA,Rewa Division,Aber B.O,485226,BO,Delivery,SATNA,Madhya Pradesh
Madhya Pradesh Circle,NA,Rewa Division,Ajgarha B.O,486003,BO,Delivery,REWA,Madhya Pradesh
Madhya Pradesh Circle,NA,Sagar Division,Abhana B.O,470661,BO,Delivery,DAMOH,Madhya Pradesh
Madhya Pradesh Circle,NA,Sagar Division,Bardha B.O,470775,BO,Delivery,DATIA,Madhya Pradesh
Madhya Pradesh Circle,NA,Shahdol Division,Achalpur B.O,484881,BO,Delivery,ANUPPUR,Madhya Pradesh
Madhya Pradesh Circle,NA,Shahdol Division,Akhdar B.O,484660,BO,Delivery,UMARIA,Madhya Pradesh
Madhya Pradesh Circle,NA,Shahdol Division,Akhetpur B.O,484774,BO,Delivery,SHAHDOL,Madhya Pradesh
Madhya Pradesh Circle,NA,Shahdol Division,Amarpur B.O,486675,BO,Delivery,SIDHI,Madhya Pradesh
Madhya Pradesh Circle,NA,Shahdol Division,Amlori Project S.O,486887,SO,Delivery,SINGRAULI,Madhya Pradesh
Madhya Pradesh Circle,NA,Vidisha Division,Agrabarkheda B.O,464111,BO,Delivery,VIDISHA,Madhya Pradesh
Madhya Pradesh Circle,Indore Region,Guna Division,Achalgarh B.O,473444,BO,Delivery,ASHOK NAGAR,Madhya Pradesh
Madhya Pradesh Circle,Indore Region,Guna Division,Achhroni B.O,473585,BO,Delivery,SHIVPURI,Madhya Pradesh
Madhya Pradesh Circle,Indore Region,Guna Division,Awan B.O,473226,BO,Delivery,GUNA,Madhya Pradesh
Madhya Pradesh Circle,Indore Region,Gwalior Division,AB VIII TM Gwalior S.O,474015,SO,Delivery,GWALIOR,Madhya Pradesh
Madhya Pradesh Circle,Indore Region,Indore City Division,Army Head Quarter S.O,452006,SO,Delivery,INDORE,Madhya Pradesh
Madhya Pradesh Circle,Indore Region,Indore Moffusil Division,Aalri B.O,455001,BO,Delivery,DEWAS,Madhya Pradesh
Madhya Pradesh Circle,Indore Region,Indore Moffusil Division,Ahoo B.O,454001,BO,Delivery,DHAR,Madhya Pradesh
Madhya Pradesh Circle,Indore Region,Jabalpur Division,Adarsh Gram Dhabaiya B.O,483770,BO,Delivery,KATNI,Madhya Pradesh
Madhya Pradesh Circle,Indore Region,Jabalpur Division,Adhartal S.O,482004,SO,Delivery,JABALPUR,Madhya Pradesh
Madhya Pradesh Circle,Indore Region,Khandwa Division,Aabud B.O,450337,BO,Delivery,KHANDWA,Madhya Pradesh
Madhya Pradesh Circle,Indore Region,Khandwa Division,Abhapuri B.O,451332,BO,Delivery,KHARGONE,Madhya Pradesh
Madhya Pradesh Circle,Indore Region,Khandwa Division,Achli B.O,451666,BO,Delivery,BARWANI,Madhya Pradesh
Madhya Pradesh Circle,Indore Region,Khandwa Division,Ambada B.O,450331,BO,Delivery,BURHANPUR,Madhya Pradesh
Madhya Pradesh Circle,Indore Region,Mandsaur Division,Aankali B.O,458113,BO,Delivery,NEEMUCH,Madhya Pradesh
Madhya Pradesh Circle,Indore Region,Mandsaur Division,Aankali Deewan B.O,458883,BO,Delivery,MANDSAUR,Madhya Pradesh
Madhya Pradesh Circle,Indore Region,Morena Division,Achalpura B.O,477441,BO,Delivery,BHIND,Madhya Pradesh
Madhya Pradesh Circle,Indore Region,Morena Division,Adhanpur B.O,476111,BO,Delivery,MORENA,Madhya Pradesh
Madhya Pradesh Circle,Indore Region,Morena Division,Agra B.O,476332,BO,Delivery,SHEOPUR,Madhya Pradesh
Madhya Pradesh Circle,Indore Region,Morena Division,Masuri B.O,477105,BO,Delivery,AGAR MALWA,Madhya Pradesh
Madhya Pradesh Circle,Indore Region,Ratlam Division,Aamba B.O,457550,BO,Delivery,RATLAM,Madhya Pradesh
Madhya Pradesh Circle,Indore Region,Ratlam Division,Agral B.O,457779,BO,Delivery,JHABUA,Madhya Pradesh
Madhya Pradesh Circle,Indore Region,Ratlam Division,Ajanda B.O,457887,BO,Delivery,ALIRAJPUR,Madhya Pradesh
Madhya Pradesh Circle,Indore Region,Ratlam Division,Jadwasa B.O,457339,BO,Delivery,RAJGARH,Madhya Pradesh
Madhya Pradesh Circle,Indore Region,Ujjain Division,Aajdawada B.O,456776,BO,Delivery,UJJAIN,Madhya Pradesh
Madhya Pradesh Circle,Indore Region,Ujjain Division,Abhaypur B.O,465001,BO,Delivery,SHAJAPUR,Madhya Pradesh
Madhya Pradesh Circle,Jabalpur Region,Mandla Division,Ahmadpur B.O,481998,BO,Delivery,MANDLA,Madhya Pradesh
Madhya Pradesh Circle,Jabalpur Region,Mandla Division,Ajawar B.O,481879,BO,Delivery,DINDORI,Madhya Pradesh
Maharashtra Circle,Aurangabad Region,Aurangabad Division,Adgaon B.O,431132,BO,Delivery,JALNA,Maharashtra
Maharashtra Circle,Aurangabad Region,Beed Division,Adas B.O,431517,BO,Delivery,BEED,Maharashtra
Maharashtra Circle,Aurangabad Region,Bhusaval Division,Abhoda B.O,425508,BO,Delivery,Jalgaon,Maharashtra
Maharashtra Circle,Aurangabad Region,Bhusaval Division,Bhusawal H.O,425201,HO,Delivery,BHUSAWAL,Maharashtra
Maharashtra Circle,Aurangabad Region,Dhule Division,Agriculture College B.O,424004,BO,Non Delivery,DHULE,Maharashtra
Maharashtra Circle,Aurangabad Region,Dhule Division,Akkalkuwa S.O,425415,SO,Delivery,NANDURBAR,Maharashtra
Maharashtra Circle,Aurangabad Region,Jalgaon Division,Shindi B.O,424119,BO,Delivery,JALGOAN,Maharashtra
Maharashtra Circle,Aurangabad Region,Nanded Division,Adampur B.O,431736,BO,Delivery,NANDED,Maharashtra
Maharashtra Circle,Aurangabad Region,Osmanabad Division,Abulga BK B.O,413521,BO,Delivery,LATUR,Maharashtra
Maharashtra Circle,Aurangabad Region,Osmanabad Division,Achler B.O,413602,BO,Delivery,OSMANABAD,Maharashtra
Maharashtra Circle,Aurangabad Region,Pharbhani Division,Adgaon B.O,431705,BO,Delivery,HINGOLI,Maharashtra
Maharashtra Circle,Aurangabad Region,Pharbhani Division,Aherborgaon B.O,431503,BO,Delivery,PARBHANI,Maharashtra
Maharashtra Circle,Goa-Panaji Region,Goa Division,A.P.Dabolim S.O,403801,SO,Delivery,SOUTH GOA,Goa
Maharashtra Circle,Goa-Panaji Region,Goa Division,Advalpal B.O,403503,BO,Delivery,NORTH GOA,Goa
Maharashtra Circle,Goa-Panaji Region,Kolhapur Division,5 Star MIDC Kagal S.O,416236,SO,Delivery,Kolhapur,Maharashtra
Maharashtra Circle,Goa-Panaji Region,RATNAGIRI DIVISION,Abaloli S.O,415726,SO,Delivery,RATNAGIRI,Maharashtra
Maharashtra Circle,Goa-Panaji Region,RATNAGIRI DIVISION,Karak B.O,416704,BO,Delivery,RAIGARH(MH),Maharashtra
Maharashtra Circle,Goa-Panaji Region,SANGLI DIVISION,Agalgaon B.O,416403,BO,Delivery,Sangli,Maharashtra
Maharashtra Circle,Goa-Panaji Region,SANGLI DIVISION,Subhashnagar S.O,416437,SO,Delivery,Miraj,Maharashtra
Maharashtra Circle,Goa-Panaji Region,SINDHUDURG DIVISION,Achara S.O,416614,SO,Delivery,SINDHUDURG,Maharashtra
Maharashtra Circle,Mumbai Region,Mumbai City East Division,Antop Hill S.O,400037,SO,Delivery,MUMBAI,Maharashtra
Maharashtra Circle,Mumbai Region,Mumbai City North Division,A I Staff Colony S.O,400029,SO,Non Delivery,MUMBAI SUBUEBAN,Maharashtra
Maharashtra Circle,Nagpur Region,Akola Division,Adgaon Bk S.O,444126,SO,Delivery,AKOLA,Maharashtra
Maharashtra Circle,Nagpur Region,Akola Division,Adoli B.O,444510,BO,Delivery,WASHIM,Maharashtra
Maharashtra Circle,Nagpur Region,Amaravati Division,Achalpur City S.O,444806,SO,Delivery,AMRAVATI,Maharashtra
Maharashtra Circle,Nagpur Region,Buldana Division,Adgaon Raja B.O,443203,BO,Delivery,BULDHANA,Maharashtra
Maharashtra Circle,Nagpur Region,Chandrapur Division,Adapalli B.O,442707,BO,Delivery,GADCHIROLI,Maharashtra
Maharashtra Circle,Nagpur Region,Chandrapur Division,Adegaon B.O,442904,BO,Delivery,CHANDRAPUR,Maharashtra
Maharashtra Circle,Nagpur Region,Nagpur City Division,Abhyankar Nagar S.O,440010,SO,Non Delivery,Nagpur,Maharashtra
Maharashtra Circle,Nagpur Region,Nagpur Moffusil Division,Adasi B.O,441614,BO,Delivery,GONDIA,Maharashtra
Maharashtra Circle,Nagpur Region,Nagpur Moffusil Division,Adyar S.O (Bhandara),441903,SO,Delivery,BHANDARA,Maharashtra
Maharashtra Circle,Nagpur Region,Wardha Division,Agargaon B.O,442101,BO,Delivery,WARDHA,Maharashtra
Maharashtra Circle,Nagpur Region,Yeotmal Division,Adegaon B.O,445210,BO,Delivery,Yavatmal,Maharashtra
Maharashtra Circle,Navi Mumbai Region,Malegaon Division,Aghar BK B.O,423201,BO,Delivery,Malegaon,Maharashtra
Maharashtra Circle,Navi Mumbai Region,Malegaon Division,Rishabhgiri B.O,423302,BO,Delivery,NASHIK,Maharashtra
Maharashtra Circle,Navi Mumbai Region,Navi Mumbai Division,Airoli B.O,400708,BO,Non Delivery,THANE,Maharashtra
Maharashtra Circle,Navi Mumbai Region,Palghar Division,Abitghar B.O,421303,BO,Delivery,PALGHAR,Maharashtra
Maharashtra Circle,Pune Region,Ahmednagar Division,Adhalgaon B.O,413701,BO,Delivery,AHMED NAGAR,Maharashtra
Maharashtra Circle,Pune Region,Pandharpur Division,Achakdani B.O,413306,BO,Delivery,SOLAPUR,Maharashtra
Maharashtra Circle,Pune Region,Pandharpur Division,Niranarshingpur B.O,413211,BO,Delivery,PUNE,Maharashtra
Maharashtra Circle,Pune Region,Satara Division,Abhepuri B.O,412803,BO,Delivery,SATARA,Maharashtra
Maharashtra Circle,Pune Region,Shrirampur Division,Chinchale B.O,413705,BO,Delivery,Shrirampur,Maharashtra
North Eastern Circle,North Eastern Region,Manipur Division,Ahallup B.O,795002,BO,Delivery,Imphal West,Manipur
North Eastern Circle,North Eastern Region,Manipur Division,Aibulon B.O,795006,BO,Delivery,Churachandpur,Manipur
North Eastern Circle,North Eastern Region,Manipur Division,Aigejang B.O,795101,BO,Delivery,Thoubal,Manipur
North Eastern Circle,North Eastern Region,Manipur Division,Aishi B.O,795145,BO,Delivery,Ukhrul,Manipur
North Eastern Circle,North Eastern Region,Manipur Division,Akhui B.O,795141,BO,Delivery,Tamenglong,Manipur
North Eastern Circle,North Eastern Region,Manipur Division,Anal Khullen B.O,795102,BO,Delivery,Chandel,Manipur
North Eastern Circle,North Eastern Region,Manipur Division,Awang Kongpal B.O,795005,BO,Delivery,Imphal East,Manipur
North Eastern Circle,North Eastern Region,Manipur Division,Awangjiri B.O,795134,BO,Delivery,Bishnupur,Manipur
North Eastern Circle,North Eastern Region,Manipur Division,Bunglong B.O,795118,BO,Delivery,Senapati,Manipur
North Eastern Circle,North Eastern Region,Manipur Division,Khenjoi B.O,795131,BO,Delivery,Tengnoupal,Manipur
North Eastern Circle,North Eastern Region,Manipur Division,Manipur High Court S.O,795001,SO,Delivery,Imphal,Manipur
North Eastern Circle,North Eastern Region,Manipur Division,Nungkao B.O,795115,BO,Delivery,Jiribam,Manipur
North Eastern Circle,North Eastern Region,Manipur Division,Thanlon B.O,795006,BO,Delivery,THANLON,Manipur
North Eastern Circle,North Eastern Region,Mizoram Division,Aibawk S.O,796190,SO,Delivery,Aizawl,Mizoram
North Eastern Circle,North Eastern Region,Mizoram Division,Ailawng B.O,796501,BO,Delivery,Mammit,Mizoram
North Eastern Circle,North Eastern Region,Mizoram Division,Aithur B.O,796571,BO,Delivery,Lunglei,Mizoram
North Eastern Circle,North Eastern Region,Mizoram Division,Bairabi B.O,796081,BO,Delivery,Kolasib,Mizoram
North Eastern Circle,North Eastern Region,Mizoram Division,Balhlakawn B.O,796891,BO,Delivery,Lawngtlai,Mizoram
North Eastern Circle,North Eastern Region,Mizoram Division,Bethel B.O,796321,BO,Delivery,Champhai,Mizoram
North Eastern Circle,North Eastern Region,Mizoram Division,Bualpui 'ng' B.O,796901,BO,Delivery,Saiha,Mizoram
North Eastern Circle,North Eastern Region,Mizoram Division,Bungtlang 'N' B.O,796181,BO,Delivery,Serchhip,Mizoram
North Eastern Circle,North Eastern Region,Mizoram Division,Durtlang SO,796015,SO,Delivery,Aizawal,Mizoram
North Eastern Circle,North Eastern Region,Mizoram Division,Kawrthah S.O,796470,SO,Delivery,Mamit,Mizoram
North Eastern Circle,North Eastern Region,Nagaland Division,Aghunato B.O,798620,BO,Delivery,Zunhebotto,Nagaland
North Eastern Circle,North Eastern Region,Nagaland Division,Agri College B.O,797106,BO,Delivery,Dimapur,Nagaland
North Eastern Circle,North Eastern Region,Nagaland Division,Aitepyong B.O,797111,BO,Delivery,Wokha,Nagaland
North Eastern Circle,North Eastern Region,Nagaland Division,Akhegwo B.O,797114,BO,Delivery,Phek,Nagaland
North Eastern Circle,North Eastern Region,Nagaland Division,Akuluto B.O,798627,BO,Delivery,Zunheboto,Nagaland
North Eastern Circle,North Eastern Region,Nagaland Division,Alichen S.O,798607,SO,Delivery,Mokokchung,Nagaland
North Eastern Circle,North Eastern Region,Nagaland Division,Amahatore B.O,798611,BO,Delivery,Kiphire,Nagaland
North Eastern Circle,North Eastern Region,Nagaland Division,Angangba B.O,798616,BO,Delivery,Tuensang,Nagaland
North Eastern Circle,North Eastern Region,Nagaland Division,Angphang B.O,798603,BO,Delivery,Mon,Nagaland
North Eastern Circle,North Eastern Region,Nagaland Division,Asukika B.O,797109,BO,Delivery,Kohima,Nagaland
North Eastern Circle,North Eastern Region,Nagaland Division,Athibung B.O,797110,BO,Delivery,Peren,Nagaland
North Eastern Circle,North Eastern Region,Nagaland Division,Bhumnyu BO,798625,BO,Delivery,Longleng,Nagaland
North Eastern Circle,Shillong HQ Region,Agartala Division,Abani Reangpara B.O,799013,BO,Delivery,South Tripura,Tripura
,,,,,,,,
,,,,,,,,
,,,,,,,,
,,,,,,,,
,,,,,,,,
,,,,,,,,
,,,,,,,,
,,,,,,,,
,,,,,,,,
,,,,,,,,
,,,,,,,,
,,,,,,,,
,,,,,,,,
,,,,,,,,
,,,,,,,,
,,,,,,,,
,,,,,,,,
,,,,,,,,
,,,,,,,,
,,,,,,,,
,,,,,,,,
,,,,,,,,
,,,,,,,,
North Eastern Circle,Shillong HQ Region,Dharmanagar Division,Belcherra B.O,799201,BO,Delivery,Khowai,Tripura
North Eastern Circle,Shillong HQ Region,Dharmanagar Division,Betcherra B.O,799266,BO,Delivery,Dharmanagar,Tripura
North Eastern Circle,Shillong HQ Region,Meghalaya Division,Achitchonggiri B.O,794002,BO,Delivery,West Garo Hills,Megalaya
North Eastern Circle,Shillong HQ Region,Meghalaya Division,Amlarem S.O,793161,SO,Delivery,Jaintia Hills,Megalaya
North Eastern Circle,Shillong HQ Region,Meghalaya Division,Assam Rifles S.O,793011,SO,Delivery,East Khasi Hills,Megalaya
North Eastern Circle,Shillong HQ Region,Meghalaya Division,Baghmara S.O,794102,SO,Delivery,South Garo Hills,Megalaya
North Eastern Circle,Shillong HQ Region,Meghalaya Division,Balkinigiri B.O,794111,BO,Delivery,East Garo Hills,Megalaya
North Eastern Circle,Shillong HQ Region,Meghalaya Division,Barua Basti B.O,793104,BO,Delivery,Ri Bhoi,Megalaya
North Eastern Circle,Shillong HQ Region,Meghalaya Division,Bhoirymbong S.O,793116,SO,Delivery,Shillong,Megalaya
North Eastern Circle,Shillong HQ Region,Meghalaya Division,Borsora B.O,793106,BO,Delivery,West Khasi Hills,Megalaya
North Eastern Circle,Shillong HQ Region,Meghalaya Division,Dadengiri S.O,794003,SO,Delivery,Tura,Megalaya
North Eastern Circle,Shillong HQ Region,Meghalaya Division,Nongbah B.O,793150,BO,Delivery,West Jaintia Hills,Megalaya
North Eastern Circle,Shillong HQ Region,Meghalaya Division,Nongnah B.O,793114,BO,Delivery,South West Khasi Hills,Megalaya
North Eastern Circle,Shillong HQ Region,Meghalaya Division,Rata Cherra B.O,793210,BO,Delivery,East Jaintia Hills,Megalaya
Odisha Circle,NA,Balasore Division,N.M.D OF Parcel Centre Bhubaneswar,751026,SO,Delivery,KHORDA,Odisha
Odisha Circle,NA,Balasore Division,Achutipur B.O,756047,BO,Delivery,BALESWAR,Odisha
Odisha Circle,NA,Balasore Division,BASANTAPUR BO,756056,BO,Delivery,BALASORE,Odisha
Odisha Circle,NA,Bhadrak Division,Adalpanka B.O,756114,BO,Delivery,BHADRAK,Odisha
Odisha Circle,NA,Bhadrak Division,Danar B.O,756121,BO,Delivery,KENDUJHAR,Odisha
Odisha Circle,NA,Cuttack City Division,A D Market S.O,753012,SO,Delivery,CUTTACK,Odisha
Odisha Circle,NA,Cuttack North Division,Abdalpur B.O,755016,BO,Delivery,JAJAPUR,Odisha
Odisha Circle,NA,Cuttack North Division,Achyut Basant B.O,754205,BO,Delivery,KENDRAPARA,Odisha
Odisha Circle,NA,Cuttack North Division,Rurhiya B.O,755043,BO,Delivery,JAGATSINGHAPUR,Odisha
Odisha Circle,NA,Mayurbhanj Division,Agria B.O,757025,BO,Delivery,MAYURBHANJ,Odisha
Odisha Circle,NA,Mayurbhanj Division,Astakuanr B.O,757034,BO,Delivery,NABARANGAPUR,Odisha
Odisha Circle,NA,Puri Division,Abhayamukhi Ramachandrapur B.O,752016,BO,Delivery,PURI,Odisha
Odisha Circle,NA,Puri Division,Adakata B.O,752093,BO,Delivery,NAYAGARH,Odisha
Odisha Circle,Berhampur Region,Aska Division,A.K.Deuli B.O,761111,BO,Delivery,GANJAM,Odisha
Odisha Circle,Berhampur Region,Aska Division,Badabaraba B.O,761151,BO,Delivery,KANDHAMAL,Odisha
Odisha Circle,Berhampur Region,Berhampur Division,Aligonda B.O,761217,BO,Delivery,GAJAPATI,Odisha
Odisha Circle,Berhampur Region,Kalahandi Division,Adhamunda B.O,766011,BO,Delivery,KALAHANDI,Odisha
Odisha Circle,Berhampur Region,Kalahandi Division,Agren B.O,766106,BO,Delivery,NUAPADA,Odisha
Odisha Circle,Berhampur Region,Koraput Division,A.Malkangiri B.O,764021,BO,Delivery,KORAPUT,Odisha
Odisha Circle,Berhampur Region,Koraput Division,Ambaguda B.O,764044,BO,Delivery,MALKANGIRI,Odisha
Odisha Circle,Berhampur Region,Koraput Division,Aunli B.O,764063,BO,Delivery,RAYAGADA,Odisha
Odisha Circle,Berhampur Region,Phulbani Division,Adenigarh B.O,762023,BO,Delivery,BOUDH,Odisha
Odisha Circle,Sambalpur Region,Balangir Division,Adabahal B.O,767066,BO,Delivery,BALANGIR,Odisha
Odisha Circle,Sambalpur Region,Dhenkanal Division,Aida B.O,759125,BO,Delivery,ANGUL,Odisha
Odisha Circle,Sambalpur Region,Dhenkanal Division,Aluajharan B.O,759026,BO,Delivery,DHENKANAL,Odisha
Odisha Circle,Sambalpur Region,Sambalpur Division,A.Katapali B.O,768006,BO,Delivery,SAMBALPUR,Odisha
Odisha Circle,Sambalpur Region,Sambalpur Division,Adagaon B.O,768040,BO,Delivery,BARGARH,Odisha
Odisha Circle,Sambalpur Region,Sambalpur Division,Aintapali B.O,768215,BO,Delivery,JHARSUGUDA,Odisha
Odisha Circle,Sambalpur Region,Sambalpur Division,Ambagaon B.O,768110,BO,Delivery,DEBAGARH,Odisha
Odisha Circle,Sambalpur Region,Sambalpur Division,Sole B.O,768228,BO,Delivery,SUNDERGARH,Odisha
Punjab Circle,NA,Chandigarh Division,Abiana BO,140119,BO,Delivery,ROPAR,Punjab
Punjab Circle,NA,Chandigarh Division,Aerodrome SO,160003,SO,Delivery,CHANDIGHAR,Chandigarh
Punjab Circle,NA,Chandigarh Division,Balongi BO,160055,BO,Delivery,MOHALI,Punjab
Punjab Circle,NA,Chandigarh Division,Barwa BO,140117,BO,Delivery,RUPNAGAR,Punjab
Punjab Circle,NA,Chandigarh Division,Daon BO,160055,BO,Delivery,MOGA,Punjab
Punjab Circle,NA,Ludhiana City Division,AP Basti SO,141003,SO,Non Delivery,LUDHIANA,Punjab
Punjab Circle,NA,Patiala Division,Adampur BO,140406,BO,Delivery,FATEHGARH SAHIB,Punjab
Punjab Circle,NA,Patiala Division,Aero Kalan BO,147111,BO,Delivery,PATIALA,Punjab
Punjab Circle,NA,Sangrur Division,Ahmedgarh sO,148021,SO,Delivery,SANGRUR,Punjab
Punjab Circle,Punjab West Region,Amritsar Division,Abdal BO,143502,BO,Delivery,AMRITSAR,Punjab
Punjab Circle,Punjab West Region,Amritsar Division,Aima Kalan BO,143301,BO,Delivery,TARN TARAN,Punjab
Punjab Circle,Punjab West Region,Bhatinda Division,Ablu BO,151201,BO,Delivery,BATHINDA,Punjab
Punjab Circle,Punjab West Region,Bhatinda Division,Adamke BO,151506,BO,Delivery,MANSA,Punjab
Punjab Circle,Punjab West Region,Bhatinda Division,Gehri Bara Singh BO,151509,BO,Delivery,BARNALA,Punjab
Punjab Circle,Punjab West Region,Faridkot Division,Abul Khurana BO,152114,BO,Delivery,MUKTSAR,Punjab
Punjab Circle,Punjab West Region,Faridkot Division,Arrayianwala BO,151213,BO,Delivery,FARIDKOT,Punjab
Punjab Circle,Punjab West Region,Ferozpur Division,Abohar Mandi SO,152116,SO,Non Delivery,FAZILKA,Punjab
Punjab Circle,Punjab West Region,Ferozpur Division,Ahmad Dhandi BO,152022,BO,Delivery,FIROZPUR,Punjab
Punjab Circle,Punjab West Region,Ferozpur Division,Khushhal Singh Wala,152002,BO,Delivery,Ferozepur,Punjab
Punjab Circle,Punjab West Region,Gurdaspur Division,Abrol Nagar Pathankot SO,145001,SO,Non Delivery,PATHANKOT,Punjab
Punjab Circle,Punjab West Region,Gurdaspur Division,Akarpura BO,143511,BO,Delivery,GURDASPUR,Punjab
Punjab Circle,Punjab West Region,Hoshiarpur Division,Abdulapur BO,144214,BO,Delivery,HOSHIARPUR,Punjab
Punjab Circle,Punjab West Region,Jalandhar Division,Adampur AD SO,144103,SO,Delivery,JALANDHAR,Punjab
Punjab Circle,Punjab West Region,Jalandhar Division,Allachaur BO,144514,BO,Delivery,NAWANSHAHR,Punjab
Punjab Circle,Punjab West Region,Kapurthala Division,Adhi BO,144623,BO,Delivery,KAPURTHALA,Punjab
Rajasthan Circle,NA,Alwar Division,A.G.Dadhiya B.O,301401,BO,Delivery,ALWAR,Rajasthan
Rajasthan Circle,NA,Alwar Division,Fetehpur B.O,301402,BO,Delivery,BANSWARA,Rajasthan
Rajasthan Circle,NA,Bharatpur Division,Abhorra B.O,321202,BO,Delivery,BHARATPUR,Rajasthan
Rajasthan Circle,NA,Dholpur Division,Afjalpur BO,328041,BO,Delivery,DHOLPUR,Rajasthan
Rajasthan Circle,NA,Jaipur City Division,Airport Sanganer S.O,302029,SO,Non Delivery,JAIPUR,Rajasthan
Rajasthan Circle,NA,Jaipur Moffusil Division,Abhaneri BO,303326,BO,Delivery,DAUSA,Rajasthan
Rajasthan Circle,NA,Sawaimadhopur Division,Adalwada Kalan BO,322701,BO,Delivery,SAWAI MADHOPUR,Rajasthan
Rajasthan Circle,NA,Sawaimadhopur Division,Ajijpur BO,321611,BO,Delivery,KARAULI,Rajasthan
Rajasthan Circle,NA,Sawaimadhopur Division,Nangal Lat BO,321611,BO,Delivery,KOTA,Rajasthan
Rajasthan Circle,Ajmer Region,Ajmer Division,Adarsh Nagar (Ajmer) S.O,305002,SO,Non Delivery,AJMER,Rajasthan
Rajasthan Circle,Ajmer Region,Bhilwara Division,Adsipura B.O,311402,BO,Delivery,BHILWARA,Rajasthan
Rajasthan Circle,Ajmer Region,Chittorgarh Division,AAd B.O,312626,BO,Delivery,PRATAPGHAR,Rajasthan
Rajasthan Circle,Ajmer Region,Chittorgarh Division,Abhaypur B.O,312022,BO,Delivery,CHITTORGARH,Rajasthan
Rajasthan Circle,Ajmer Region,Chittorgarh Division,Chari B.O,312625,BO,Delivery,PALI,Rajasthan
Rajasthan Circle,Ajmer Region,Dungarpur Division,Akhaipur B.O,314024,BO,Delivery,DUNGARPUR,Rajasthan
Rajasthan Circle,Ajmer Region,Kota Division,Agar B.O,325217,BO,Delivery,BARAN,Rajasthan
Rajasthan Circle,Ajmer Region,Kota Division,Agaria B.O,326022,BO,Delivery,JHALAWAR,Rajasthan
Rajasthan Circle,Ajmer Region,Tonk Division,Abar B.O,323024,BO,Delivery,BUNDI,Rajasthan
Rajasthan Circle,Ajmer Region,Tonk Division,Aligarh S.O (Tonk),304023,SO,Delivery,TONK,Rajasthan
Rajasthan Circle,Ajmer Region,Tonk Division,Tonkra B.O,323025,BO,Delivery,RAJSAMAND,Rajasthan
Rajasthan Circle,Ajmer Region,Udaipur Division,Adiwali B.O,313804,BO,Delivery,UDAIPUR,Rajasthan
Rajasthan Circle,Jodhpur Region,Barmer Division,Abhey Ka Par B.O,344502,BO,Delivery,BARMER,Rajasthan
Rajasthan Circle,Jodhpur Region,Bikaner Division,17 K.Y.D. B.O,334023,BO,Delivery,BIKANER,Rajasthan
Rajasthan Circle,Jodhpur Region,Churu Division,Abadsar B.O,331802,BO,Delivery,CHURU,Rajasthan
Rajasthan Circle,Jodhpur Region,Jhunjhunu Division,Abusar B.O,333001,BO,Delivery,JHUJHUNU,Rajasthan
Rajasthan Circle,Jodhpur Region,Jodhpur Division,Aau SO,342311,SO,Delivery,JODHPUR,Rajasthan
Rajasthan Circle,Jodhpur Region,Jodhpur Division,Adabala BO,345001,BO,Delivery,JAISALMER,Rajasthan
Rajasthan Circle,Jodhpur Region,Nagaur Division,Achina B.O,341025,BO,Delivery,NAGAUR,Rajasthan
Rajasthan Circle,Jodhpur Region,Sikar Division,Abhaipura BO,332402,BO,Delivery,SIKAR,Rajasthan
Rajasthan Circle,Jodhpur Region,Sirohi Division,A.I.A. Aburoad S.O,307026,SO,Non Delivery,SIROHI,Rajasthan
Rajasthan Circle,Jodhpur Region,Sirohi Division,Achalpur B.O,343041,BO,Delivery,JALOR,Rajasthan
Rajasthan Circle,Jodhpur Region,Sriganganagar Division,1 Ps B.O,335061,BO,Delivery,SRI GANGANAGAR,Rajasthan
Rajasthan Circle,Jodhpur Region,Sriganganagar Division,15 Kwd B.O,335524,BO,Delivery,HANUMANGARH,Rajasthan
Rajasthan Circle,Jodhpur Region,Sriganganagar Division,RAWLA S.O,335708,SO,Delivery,SRIGANGANAGAR,Rajasthan
Tamilnadu Circle,"Central Region, Trichirapalli",Cuddalore Division,A.Kuravankuppam B.O,607802,BO,Delivery,CUDDALORE,Tamil Nadu
Tamilnadu Circle,"Central Region, Trichirapalli",Cuddalore Division,Kalinjikuppam B.O,607104,BO,Delivery,VILLUPURAM,Tamil Nadu
Tamilnadu Circle,"Central Region, Trichirapalli",Cuddalore Division,Kodiyampalayam B.O,608002,BO,Delivery,NAGAPATTINAM,Tamil Nadu
Tamilnadu Circle,"Central Region, Trichirapalli",Cuddalore Division,Sriraman B.O,608703,BO,Delivery,PERAMBALUR,Tamil Nadu
Tamilnadu Circle,"Central Region, Trichirapalli",Cuddalore Division,Vilagam B.O,608305,BO,Delivery,DHARMAPURI,Tamil Nadu
Tamilnadu Circle,"Central Region, Trichirapalli",Karur Division,A.Meenakshivalasu B.O,639207,BO,Delivery,KARUR,Tamil Nadu
Tamilnadu Circle,"Central Region, Trichirapalli",Karur Division,A.Pudupatti B.O,621308,BO,Delivery,TIRUCHIRAPPALLI,Tamil Nadu
Tamilnadu Circle,"Central Region, Trichirapalli",Karur Division,Anangur B.O,639202,BO,Delivery,TIRUPPUR,Tamil Nadu
Tamilnadu Circle,"Central Region, Trichirapalli",Karur Division,Kulathupatti B.O,621308,BO,Delivery,SIVAGANGA,Tamil Nadu
Tamilnadu Circle,"Central Region, Trichirapalli",Karur Division,Minaveli B.O,621305,BO,Delivery,PUDUKKOTTAI,Tamil Nadu
Tamilnadu Circle,"Central Region, Trichirapalli",Karur Division,Soolapuram B.O,639203,BO,Delivery,DINDIGUL,Tamil Nadu
Tamilnadu Circle,"Central Region, Trichirapalli",Kumbakonam Division,Abivirthiswaram B.O,613705,BO,Delivery,TIRUVARUR,Tamil Nadu
Tamilnadu Circle,"Central Region, Trichirapalli",Kumbakonam Division,Aduthurai Bazar B.O,612101,BO,Non Delivery,THANJAVUR,Tamil Nadu
Tamilnadu Circle,"Central Region, Trichirapalli",Nagapattinam Division,Akkaraivattam B.O,609604,BO,Delivery,KARAIKAL,Tamil Nadu
Tamilnadu Circle,"Central Region, Trichirapalli",Srirangam Division,Namangunam B.O,621716,BO,Delivery,ARIYALUR,Tamil Nadu
Tamilnadu Circle,"Central Region, Trichirapalli",Srirangam Division,Periyamangalam B.O,621011,BO,Delivery,SALEM,Tamil Nadu
Tamilnadu Circle,"Central Region, Trichirapalli",Vriddhachalam Division,Murukkambadi B.O,605754,BO,Delivery,VELLORE,Tamil Nadu
Tamilnadu Circle,Chennai City Region,Anna Road H.O Division,Anna Road H.O,600002,HO,Delivery,Chennai,Tamil Nadu
Tamilnadu Circle,Chennai City Region,Arakkonam Division,Brammadesam BO,632511,BO,Delivery,TIRUVANNAMALAI,Tamil Nadu
Tamilnadu Circle,Chennai City Region,Chengalpattu Division,Acharapakkam SO,603301,SO,Delivery,KANCHIPURAM,Tamil Nadu
Tamilnadu Circle,Chennai City Region,Chennai City South Division,Alwarthirunagar S.O,600087,SO,Delivery,TIRUVALLUR,Tamil Nadu
Tamilnadu Circle,Chennai City Region,Pondicherry Division,Abishegapakkam BO,605007,BO,Delivery,PONDICHERRY,Pondicherry
Tamilnadu Circle,"Southern Region, Madurai",Kanniyakumari Division,Adaikkakuzhi B.O,629153,BO,Delivery,KANYAKUMARI,Tamil Nadu
Tamilnadu Circle,"Southern Region, Madurai",Karaikudi Division,Neivayal B.O,630312,BO,Delivery,RAMANATHAPURAM,Tamil Nadu
Tamilnadu Circle,"Southern Region, Madurai",Kovilpatti Division,Achankulam B.O,628718,BO,Delivery,TUTICORIN,Tamil Nadu
Tamilnadu Circle,"Southern Region, Madurai",Kovilpatti Division,Achankuttam B.O,627861,BO,Delivery,TIRUNELVELI,Tamil Nadu
Tamilnadu Circle,"Southern Region, Madurai",Kovilpatti Division,Sippiparai B.O,627713,BO,Delivery,VIRUDHUNAGAR,Tamil Nadu
Tamilnadu Circle,"Southern Region, Madurai",Madurai Division,AAmmapatti BO,625706,BO,Delivery,MADURAI,Tamil Nadu
Tamilnadu Circle,"Southern Region, Madurai",Theni Division,A.Vadipatti B.O,625602,BO,Delivery,THENI,Tamil Nadu
Tamilnadu Circle,"Western Region, Coimbatore",Coimbatore Division,Agraharasamakulam BO,641110,BO,Delivery,COIMBATORE,Tamil Nadu
Tamilnadu Circle,"Western Region, Coimbatore",Dharmapuri Division,Arasampatti B.O,635201,BO,Delivery,KRISHNAGIRI,Tamil Nadu
Tamilnadu Circle,"Western Region, Coimbatore",Erode Division,Akkaraikodiveri BO,638454,BO,Delivery,ERODE,Tamil Nadu
Tamilnadu Circle,"Western Region, Coimbatore",Erode Division,Cauvery Railway Station SO,638007,SO,Delivery,NAMAKKAL,Tamil Nadu
Tamilnadu Circle,"Western Region, Coimbatore",Nilgiris Division,Adderly B.O,643102,BO,Delivery,NILGIRIS,Tamil Nadu
Telangana Circle,Hyderabad City Region,Hyderabad City Division,A.Gs Office S.O,500004,SO,Non Delivery,HYDERABAD,Telangana
Telangana Circle,Hyderabad City Region,Hyderabad City Division,Aziz Nagar B.O,500075,BO,Delivery,RANGAREDDY,Telangana
Telangana Circle,Hyderabad City Region,Hyderabad South East Division,Almasguda B.O,500112,BO,Delivery,Ranga Reddy,Telangana
Telangana Circle,Hyderabad City Region,Medak Division,Ahmedipur B.O,502278,BO,Delivery,SIDDIPET,Telangana
Telangana Circle,Hyderabad City Region,Medak Division,Akkannapet S.O,502115,SO,Delivery,MEDAK,Telangana
Telangana Circle,Hyderabad City Region,Medak Division,Venkatapur B.O,502117,BO,Non Delivery,Mancherial,Telangana
Telangana Circle,Hyderabad City Region,Sangareddy Division,A.I.E. R.C.puram S.O,502032,SO,Non Delivery,SANGAREDDY,Telangana
Telangana Circle,Hyderabad City Region,Sangareddy Division,Bellapur B.O,502286,BO,Delivery,ZAHEERABAD,Telangana
Telangana Circle,Hyderabad City Region,Sangareddy Division,Rasool B.O,502287,BO,Delivery,KHAMMAM,Telangana
Telangana Circle,Hyderabad City Region,Secunderabad Division,Allampalli S.O.,501102,SO,Delivery,Vikarabad,Telangana
Telangana Circle,Hyderabad City Region,Secunderabad Division,CRPF B.O,500078,BO,Non Delivery,Trimulgherry,Telangana
Telangana Circle,Hyderabad City Region,Secunderabad Division,Gottimukkala B.O,501102,BO,Delivery,NALGONDA,Telangana
Telangana Circle,Hyderabad City Region,Secunderabad Division,Kanakamamidi B.O,501504,BO,Non Delivery,Secunderabad,Telangana
Telangana Circle,Hyderabad City Region,Secunderabad Division,Manneguda B.O,501102,BO,Delivery,K.V.Rangareddy,Telangana
Telangana Circle,Hyderabad Region,Adilabad Division,Adegaon B.O,504307,BO,Delivery,ADILABAD,Telangana
Telangana Circle,Hyderabad Region,Adilabad Division,Aloor B.O,504110,BO,Delivery,NIRMAL,Telangana
Telangana Circle,Hyderabad Region,Hanamkonda Division,Abbapur B.O,506343,BO,Delivery,Parkal,Telangana
Telangana Circle,Hyderabad Region,Hanamkonda Division,Abdulnagaram B.O,506145,BO,Delivery,Hanamkonda,Telangana
Telangana Circle,Hyderabad Region,Hanamkonda Division,Adavikeshvapur B.O,506175,BO,Delivery,Jangaon,Telangana
Telangana Circle,Hyderabad Region,Hanamkonda Division,Akulavarighampur B.O,506165,BO,Delivery,JAYASHANKAR,Telangana
Telangana Circle,Hyderabad Region,Hanamkonda Division,Kasimpalli B.O,506169,BO,Delivery,BHUPALPALLI,Telangana
Telangana Circle,Hyderabad Region,Karimnagar Division,Adivipadira B.O,505305,BO,Delivery,SIRCILLA,Telangana
Telangana Circle,Hyderabad Region,Karimnagar Division,Aggimalla B.O,505532,BO,Delivery,JAGTIAL,Telangana
Telangana Circle,Hyderabad Region,Karimnagar Division,Mallapur B.O,505415,BO,Delivery,PEDDAPALLI,Telangana
Telangana Circle,Hyderabad Region,Khammam Division,Abbugudem B.O,507316,BO,Delivery,KOTHAGUDEM,Telangana
Telangana Circle,Hyderabad Region,Khammam Division,ANANDAPURAM,507116,BO,Delivery,KOTHAGUDEM COLLS,Telangana
Telangana Circle,Hyderabad Region,Mahabubnagar Division,Abhangapur B.O,509210,BO,Delivery,MAHABUB NAGAR,Telangana
Telangana Circle,Hyderabad Region,Mahabubnagar Division,Alampur S.O,509152,SO,Delivery,GADWAL,Telangana
Telangana Circle,Hyderabad Region,Mahabubnagar Division,Amerchinta S.O,509130,SO,Delivery,WANAPARTHY,Telangana
Telangana Circle,Hyderabad Region,Nizamabad Division,Abhangapatnam B.O,503245,BO,Delivery,NIZAMABAD,Telangana
Telangana Circle,Hyderabad Region,Nizamabad Division,Achampet B.O,503302,BO,Delivery,KAMAREDDY,Telangana
Telangana Circle,Hyderabad Region,Suryapet Division,Aipoor B.O,508221,BO,Delivery,SURYAPET,Telangana
Telangana Circle,Hyderabad Region,Wanaparthy Division,Achampet S.O,509375,SO,Delivery,NAGAR KURNOOL,Telangana
Telangana Circle,Hyderabad Region,Wanaparthy Division,Gaddampally B.O,509385,BO,Delivery,STN. JADCHERLA,Telangana
Telangana Circle,Hyderabad Region,Warangal Division,Ammeenapur B.O,506112,BO,Delivery,MAHABUBABAD,Telangana
Telangana Circle,Hyderabad Region,Warangal Division,Dowlathnagar B.O,506365,BO,Non Delivery,Warangal Rural,Telangana
Telangana Circle,Hyderabad Region,Warangal Division,Jama Thanda B.O,506368,BO,Delivery,Mahabuababad,Telangana
Uttar Pradesh Circle,Agra Region,Agra Division,15 Bn PAC,282001,SO,Non Delivery,AGRA,Uttar Pradesh
Uttar Pradesh Circle,Agra Region,Aligarh Division,Abhaipur Behlolpur BO,202133,BO,Delivery,ALIGARH,Uttar Pradesh
Uttar Pradesh Circle,Agra Region,Aligarh Division,Agrana BO,204211,BO,Delivery,HATHRAS,Uttar Pradesh
Uttar Pradesh Circle,Agra Region,Aligarh Division,Garhi Balna BO,204101,BO,Delivery,BULANDSHAHR,Uttar Pradesh
Uttar Pradesh Circle,Agra Region,Aligarh Division,Nagla Sarua BO,202142,BO,Delivery,ALLAHABAD,Uttar Pradesh
Uttar Pradesh Circle,Agra Region,Bulandshahar Division,Neemka BO,203155,BO,Delivery,GAUTAM BUDDHA NAGAR,Uttar Pradesh
Uttar Pradesh Circle,Agra Region,Etah Division,Abhaipura BO,207241,BO,Delivery,ETAH,Uttar Pradesh
Uttar Pradesh Circle,Agra Region,Etah Division,Achalpur BO,207125,BO,Delivery,KANSHIRAM NAGAR,Uttar Pradesh
Uttar Pradesh Circle,Agra Region,Etawah Division,Abhinaypur Pathakpur BO,206253,BO,Delivery,ETAWAH,Uttar Pradesh
Uttar Pradesh Circle,Agra Region,Etawah Division,Achhalda SO,206241,SO,Delivery,AURAIYA,Uttar Pradesh
Uttar Pradesh Circle,Agra Region,Jhansi Division,33 Bn Pac Jhansi SO,284135,SO,Delivery,JHANSI,Uttar Pradesh
Uttar Pradesh Circle,Agra Region,Jhansi Division,Abhedepur BO,285130,BO,Delivery,JALAUN,Uttar Pradesh
Uttar Pradesh Circle,Agra Region,Jhansi Division,Alapur BO,284122,BO,Delivery,LALITPUR,Uttar Pradesh
Uttar Pradesh Circle,Agra Region,Jhansi Division,BangraBangri,284202,BO,Delivery,HAPUR,Uttar Pradesh
Uttar Pradesh Circle,Agra Region,Mainpuri Division,A G M Bhawali BO,283151,BO,Delivery,FIROZABAD,Uttar Pradesh
Uttar Pradesh Circle,Agra Region,Mainpuri Division,Achalpur BO,205263,BO,Delivery,MAINPURI,Uttar Pradesh
Uttar Pradesh Circle,Agra Region,Mainpuri Division,Bharaul BO,205121,BO,Delivery,FAIZABAD,Uttar Pradesh
Uttar Pradesh Circle,Agra Region,Mainpuri Division,Husainpur BO,283103,BO,Delivery,RAEBARELI,Uttar Pradesh
Uttar Pradesh Circle,Agra Region,Mathura Division,Adooki BO,281006,BO,Delivery,MATHURA,Uttar Pradesh
Uttar Pradesh Circle,Allahabad Region,Allahabad Division,Afjalpurwari BO,212217,BO,Delivery,KAUSHAMBI,Uttar Pradesh
Uttar Pradesh Circle,Allahabad Region,Allahabad Division,Arail PO Kumbh Mela,211020,SO,Delivery,Prayagraj Allahabad,Uttar Pradesh
Uttar Pradesh Circle,Allahabad Region,Allahabad Division,Dharampur BO,274308,BO,Delivery,KUSHINAGAR,Uttar Pradesh
Uttar Pradesh Circle,Allahabad Region,Ghazipur Division,Abadan Bairan BO,233227,BO,Delivery,GHAZIPUR,Uttar Pradesh
Uttar Pradesh Circle,Allahabad Region,Ghazipur Division,Bhataura BO,232327,BO,Delivery,VARANASI,Uttar Pradesh
Uttar Pradesh Circle,Allahabad Region,Mirzapur Division,Adalganj BO,231205,BO,Delivery,SONBHADRA,Uttar Pradesh
Uttar Pradesh Circle,Allahabad Region,Mirzapur Division,Adalhat SO,231302,SO,Delivery,MIRZAPUR,Uttar Pradesh
Uttar Pradesh Circle,Allahabad Region,Pratapgarh Division,Abdul Wahidganj BO,230141,BO,Delivery,PRATAPGARH,Uttar Pradesh
Uttar Pradesh Circle,Allahabad Region,Pratapgarh Division,Umrar BO,230125,BO,Delivery,KANPUR DEHAT,Uttar Pradesh
Uttar Pradesh Circle,Allahabad Region,Sultanpur Division,Abhiya Kalan BO,228001,BO,Delivery,SULTANPUR,Uttar Pradesh
Uttar Pradesh Circle,Allahabad Region,Sultanpur Division,Achalpur BO,227801,BO,Delivery,AMETHI,Uttar Pradesh
Uttar Pradesh Circle,Bareilly Region,Bareilly Division,Abhaipur BO,262122,BO,Delivery,PILIBHIT,Uttar Pradesh
Uttar Pradesh Circle,Bareilly Region,Bareilly Division,Abhayrajpur BO,262406,BO,Delivery,BAREILLY,Uttar Pradesh
Uttar Pradesh Circle,Bareilly Region,Bijnor Division,Aasfabad Chaman BO,246722,BO,Delivery,BIJNOR,Uttar Pradesh
Uttar Pradesh Circle,Bareilly Region,Budaun Division,Abdulla Ganj BO,243639,BO,Delivery,BUDAUN,Uttar Pradesh
Uttar Pradesh Circle,Bareilly Region,Hardoi Division,Aamtara BO,241123,BO,Delivery,HARDOI,Uttar Pradesh
Uttar Pradesh Circle,Bareilly Region,Kheri Division,Abgawan BO,262727,BO,Delivery,KHERI,Uttar Pradesh
Uttar Pradesh Circle,Bareilly Region,Meerut Division,Abdullapur BO,250001,BO,Delivery,MEERUT,Uttar Pradesh
Uttar Pradesh Circle,Bareilly Region,Meerut Division,Agarwal Mandi SO,250601,SO,Delivery,BAGPAT,Uttar Pradesh
Uttar Pradesh Circle,Bareilly Region,Moradabad Division,Adampur BO,244255,BO,Delivery,AMROHA,Uttar Pradesh
Uttar Pradesh Circle,Bareilly Region,Moradabad Division,Afjalpur Darauli BO,244414,BO,Delivery,SAMBHAL,Uttar Pradesh
Uttar Pradesh Circle,Bareilly Region,Moradabad Division,Aghapur BO,244901,BO,Delivery,RAMPUR,Uttar Pradesh
Uttar Pradesh Circle,Bareilly Region,Moradabad Division,Aghwanpur SO,244504,SO,Delivery,MORADABAD,Uttar Pradesh
Uttar Pradesh Circle,Bareilly Region,Moradabad Division,Paigamberpur BO,244921,BO,Delivery,KANPUR NAGAR,Uttar Pradesh
Uttar Pradesh Circle,Bareilly Region,Muzaffarnagar Division,Agarwal Paper Mill BO,251001,BO,Delivery,MUZAFFARNAGAR,Uttar Pradesh
Uttar Pradesh Circle,Bareilly Region,Saharanpur Division,Aghiana BO,247342,BO,Delivery,SAHARANPUR,Uttar Pradesh
Uttar Pradesh Circle,Bareilly Region,Saharanpur Division,Banderjud BO,247662,BO,Delivery,HARIDWAR,Uttar Pradesh
Uttar Pradesh Circle,Bareilly Region,Shahjahanpur Division,A C Factory SO,242001,SO,Non Delivery,SHAHJAHANPUR,Uttar Pradesh
Uttar Pradesh Circle,Bareilly Region,Shahjahanpur Division,Mudigawan BO,242406,BO,Delivery,SANT RAVIDAS NAGAR,Uttar Pradesh
Uttar Pradesh Circle,Gorakhpur Region,Azamgarh Division,Abusaidpur BO,276205,BO,Delivery,AZAMGARH,Uttar Pradesh
Uttar Pradesh Circle,Gorakhpur Region,Azamgarh Division,Adari BO,275102,BO,Delivery,MAU,Uttar Pradesh
Uttar Pradesh Circle,Gorakhpur Region,Bahraich Division,Aggapur BO,271831,BO,Delivery,SHRAWASTI,Uttar Pradesh
Uttar Pradesh Circle,Gorakhpur Region,Bahraich Division,Ailiha BO,271870,BO,Delivery,BAHRAICH,Uttar Pradesh
Uttar Pradesh Circle,Gorakhpur Region,Basti Division,Agiyauna BO,272152,BO,Delivery,SIDDHARTHNAGAR,Uttar Pradesh
Uttar Pradesh Circle,Gorakhpur Region,Basti Division,Ahra BO,272178,BO,Delivery,BASTI,Uttar Pradesh
Uttar Pradesh Circle,Gorakhpur Region,Basti Division,Asharfa Bad BO,272173,BO,Delivery,SANT KABIR NAGAR,Uttar Pradesh
Uttar Pradesh Circle,Gorakhpur Region,Deoria Division,Ahirauli Baghel BO,274702,BO,Delivery,DEORIA,Uttar Pradesh
Uttar Pradesh Circle,Gorakhpur Region,Gonda Division,Aata BO,271504,BO,Delivery,GONDA,Uttar Pradesh
Uttar Pradesh Circle,Gorakhpur Region,Gorakhpur Division,A.P.Station S.O,273002,SO,Delivery,GORAKHPUR,Uttar Pradesh
Uttar Pradesh Circle,Gorakhpur Region,Gorakhpur Division,Adda Bazar BO,273164,BO,Delivery,MAHARAJGANJ,Uttar Pradesh
Uttar Pradesh Circle,Gorakhpur Region,Gorakhpur Division,Anandnagar S.O  Maharajganj,273155,SO,Delivery,MAHRAJGANJ,Uttar Pradesh
Uttar Pradesh Circle,Kanpur Region,Banda Division,Achharaund BO,210001,BO,Delivery,BANDA,Uttar Pradesh
Uttar Pradesh Circle,Kanpur Region,Banda Division,Agarahunda BO,210205,BO,Delivery,CHITRAKOOT,Uttar Pradesh
Uttar Pradesh Circle,Kanpur Region,Banda Division,Ainchana BO,210425,BO,Delivery,MAHOBA,Uttar Pradesh
Uttar Pradesh Circle,Kanpur Region,Banda Division,Amgaon BO,210430,BO,Delivery,HAMIRPUR,Uttar Pradesh
Uttar Pradesh Circle,Kanpur Region,Fatehgarh Division,Agaus BO,209723,BO,Delivery,KANNAUJ,Uttar Pradesh
Uttar Pradesh Circle,Kanpur Region,Fatehgarh Division,Ahmadganj BO,209502,BO,Delivery,FARRUKHABAD,Uttar Pradesh
Uttar Pradesh Circle,Kanpur Region,Fatehpur Division,Abhaipur BO,212665,BO,Delivery,FATEHPUR,Uttar Pradesh
Uttar Pradesh Circle,Kanpur Region,Kanpur Moffusil Division,Aakampur BO,209866,BO,Delivery,UNNAO,Uttar Pradesh
Uttar Pradesh Circle,Lucknow  HQ Region,Barabanki Division,10th BN  P A C Barabanki S.O.,225001,SO,Non Delivery,BARABANKI,Uttar Pradesh
Uttar Pradesh Circle,Lucknow  HQ Region,Faizabad Division,Adampur Tiloni BO,224168,BO,Delivery,AMBEDKAR NAGAR,Uttar Pradesh
Uttar Pradesh Circle,Lucknow  HQ Region,Ghaziabad Division,Abhay Khand 03 SO,201021,SO,Delivery,GHAZIABAD,Uttar Pradesh
Uttar Pradesh Circle,Lucknow  HQ Region,Lucknow Division,32 Bn PAC SO Lucknow,226023,SO,Non Delivery,LUCKNOW,Uttar Pradesh
Uttar Pradesh Circle,Lucknow  HQ Region,Sitapur Division,27 Bn PAC SO,261001,SO,Non Delivery,SITAPUR,Uttar Pradesh
Uttar Pradesh Circle,Varanasi Region,Ballia Division,Achalgarh BO,277209,BO,Delivery,BALLIA,Uttar Pradesh
Uttar Pradesh Circle,Varanasi Region,Jaunpur Division,Aara BO,222133,BO,Delivery,JAUNPUR,Uttar Pradesh
Uttar Pradesh Circle,Varanasi Region,Varanasi East Division,Adsand BO,232110,BO,Delivery,CHANDAULI,Uttar Pradesh
Uttarakhand Circle,NA,Almora Division,Aina BO,263652,BO,Delivery,ALMORA,Uttarakhand
Uttarakhand Circle,NA,Almora Division,Amsarkote BO,263642,BO,Delivery,BAGESHWAR,Uttarakhand
Uttarakhand Circle,NA,Chamoli Division,Adibadri SO,246440,SO,Delivery,CHAMOLI,Uttarakhand
Uttarakhand Circle,NA,Chamoli Division,Agar,246442,BO,Delivery,RUDRAPRAYAG,Uttarakhand
Uttarakhand Circle,NA,Dehradun Division,Ajabpur SO,248121,SO,Delivery,DEHRADUN,Uttarakhand
Uttarakhand Circle,NA,Nainital Division,31 Bn PAC Rudarpur SO,263153,SO,Non Delivery,NAINITAL,Uttarakhand
Uttarakhand Circle,NA,Nainital Division,Chandani SO,262310,SO,Delivery,CHAMPAWAT,Uttarakhand
Uttarakhand Circle,NA,Nainital Division,Hariawala Chauraha SO,244713,SO,Non Delivery,UDHAM SINGH NAGAR,Uttarakhand
Uttarakhand Circle,NA,Nainital Division,Mehragaon BO,263132,BO,Delivery,PAURI GARHWAL,Uttarakhand
Uttarakhand Circle,NA,Pithoragarh Division,Adichaura BO,262551,BO,Delivery,PITHORAGARH,Uttarakhand
Uttarakhand Circle,NA,Tehri Division,Agar BO,249175,BO,Delivery,TEHRI GARHWAL,Uttarakhand
Uttarakhand Circle,NA,Tehri Division,Arakot BO,249128,BO,Delivery,UTTARKASHI,Uttarakhand
West Bengal Circle,NA,Sikkim Division,Ahoo Busty BO,737135,BO,Delivery,EAST SIKKIM,Sikkim
West Bengal Circle,NA,Sikkim Division,Arithang BO,737111,BO,Delivery,WEST SIKKIM,Sikkim
West Bengal Circle,NA,Sikkim Division,Assangthang BO,737126,BO,Delivery,SOUTH SIKKIM,Sikkim
West Bengal Circle,NA,Sikkim Division,Gor BO,737107,BO,Delivery,NORTH SIKKIM,Sikkim
West Bengal Circle,Calcutta HQ Region,A - N Islands Division,Aberdeen  Bazar S.O,744104,SO,Delivery,South Andaman,Andaman and Nico.In.
West Bengal Circle,Calcutta HQ Region,A - N Islands Division,Aerial Bay B.O,744202,BO,Delivery,North And Middle Andaman,Andaman and Nico.In.
West Bengal Circle,Calcutta HQ Region,A - N Islands Division,Campbelbay S.O,744302,SO,Delivery,Nicobar,Andaman and Nico.In.
West Bengal Circle,Calcutta HQ Region,A - N Islands Division,Herbertabad B.O,744103,BO,Delivery,Port Blair,West Bengal
West Bengal Circle,Calcutta HQ Region,A - N Islands Division,Mohanpur B.O,744204,BO,Delivery,North & Middle Andaman,Andaman and Nico.In.
West Bengal Circle,Kolkata Region,Alipore H.O Division,Alipore Dist Board S.O,700027,SO,Non Delivery,Kolkata,West Bengal
West Bengal Circle,Kolkata Region,Barasat Division,Abadkuliadanga BO,743456,BO,Delivery,NORTH 24 PARGANAS,West Bengal
West Bengal Circle,Kolkata Region,Birbhum Division,Abadanga BO,731303,BO,Delivery,BIRBHUM,West Bengal
West Bengal Circle,Kolkata Region,Kolkata East Division,Chowbaga BO,700105,BO,Delivery,SOUTH 24 PARGANAS,West Bengal
West Bengal Circle,Kolkata Region,Murshidabad Division,Adibasi Beldanga BO,742122,BO,Delivery,MURSHIDABAD,West Bengal
West Bengal Circle,Kolkata Region,Murshidabad Division,Farakka Project SO,742212,SO,Non Delivery,MEDINIPUR,West Bengal
West Bengal Circle,Kolkata Region,Nadia North Division,Akanda Danga BO,741137,BO,Delivery,NADIA,West Bengal
West Bengal Circle,North Bengal Region,Cooch Behar Division,Airani Chitalia BO,736156,BO,Delivery,COOCH BEHAR,West Bengal
West Bengal Circle,North Bengal Region,Cooch Behar Division,Alipurduar Court SO,736122,SO,Delivery,JALPAIGURI,West Bengal
West Bengal Circle,North Bengal Region,Darjeeling Division,7th Mile Kalimpong SO,734301,SO,Non Delivery,DARJILING,West Bengal
West Bengal Circle,North Bengal Region,Darjeeling Division,Balasun BO,734209,BO,Delivery,EAST MIDNAPORE,West Bengal
West Bengal Circle,North Bengal Region,Darjeeling Division,Chathat B.O,734434,BO,Delivery,Darjeeling,West Bengal
West Bengal Circle,North Bengal Region,Darjeeling Division,Echhey B.O,734301,BO,Delivery,Kalimpong,West Bengal
West Bengal Circle,North Bengal Region,Darjeeling Division,Khoribari SO,734427,SO,Delivery,WEST MIDNAPORE,West Bengal
West Bengal Circle,North Bengal Region,Dinajpur Division,Ajmatpur BO,733127,BO,Delivery,SOUTH DINAJPUR,West Bengal
West Bengal Circle,North Bengal Region,Dinajpur Division,Akhanagar BO,733129,BO,Non Delivery,NORTH DINAJPUR,West Bengal
West Bengal Circle,North Bengal Region,Dinajpur Division,Dobakhokshan BO,733124,BO,Delivery,MALDA,West Bengal
West Bengal Circle,South Bengal Region,Asansol Division,Achra BO,713335,BO,Delivery,BARDHAMAN,West Bengal
West Bengal Circle,South Bengal Region,Asansol Division,Hirapur B.O,713325,BO,Delivery,Paschim Bardhaman,West Bengal
West Bengal Circle,South Bengal Region,Bankura Division,Agarda BO,722144,BO,Delivery,BANKURA,West Bengal
West Bengal Circle,South Bengal Region,Hooghly North Division,Addconagar SO,712121,SO,Delivery,HOOGHLY,West Bengal
West Bengal Circle,South Bengal Region,Howrah Division,Abhoynagar BO,711205,BO,Delivery,HOWRAH,West Bengal
West Bengal Circle,South Bengal Region,Purulia Division,Achkoda BO,723145,BO,Delivery,PURULIYA,West Bengal
